Price,Adj Close,Close,High,Low,Open,Volume
Ticker,MSFT,MSFT,MSFT,MSFT,MSFT,MSFT
Date,,,,,,
2019-03-01 00:00:00+00:00,106.73121643066406,112.52999877929688,113.0199966430664,111.66999816894531,112.88999938964844,23501200
2019-03-04 00:00:00+00:00,106.47510528564453,112.26000213623047,113.25,110.80000305175781,113.0199966430664,26608000
2019-03-05 00:00:00+00:00,105.9439697265625,111.69999694824219,112.38999938964844,111.2300033569336,112.25,19538300
2019-03-06 00:00:00+00:00,105.99140930175781,111.75,112.66000366210938,111.43000030517578,111.87000274658203,17687000
2019-03-07 00:00:00+00:00,104.70147705078125,110.38999938964844,111.55000305175781,109.87000274658203,111.4000015258789,25339000
2019-03-08 00:00:00+00:00,104.8152847290039,110.51000213623047,110.70999908447266,108.80000305175781,109.16000366210938,22818400
2019-03-11 00:00:00+00:00,107.0157470703125,112.83000183105469,112.94999694824219,110.9800033569336,110.98999786376953,26491600
2019-03-12 00:00:00+00:00,107.76502990722656,113.62000274658203,113.98999786376953,112.6500015258789,112.81999969482422,26132700
2019-03-13 00:00:00+00:00,108.59970092773438,114.5,115.0,113.77999877929688,114.12999725341797,35513800
2019-03-14 00:00:00+00:00,108.68505096435547,114.58999633789062,115.19999694824219,114.33000183105469,114.54000091552734,30763400
2019-03-15 00:00:00+00:00,109.93704223632812,115.91000366210938,117.25,114.58999633789062,115.33999633789062,54681100
2019-03-18 00:00:00+00:00,111.51148986816406,117.56999969482422,117.61000061035156,116.05000305175781,116.16999816894531,31207600
2019-03-19 00:00:00+00:00,111.5873794555664,117.6500015258789,118.44000244140625,116.98999786376953,118.08999633789062,37588700
2019-03-20 00:00:00+00:00,111.46407318115234,117.5199966430664,118.75,116.70999908447266,117.38999938964844,28113300
2019-03-21 00:00:00+00:00,114.02493286132812,120.22000122070312,120.81999969482422,117.08999633789062,117.13999938964844,29854400
2019-03-22 00:00:00+00:00,111.01830291748047,117.05000305175781,119.58999633789062,117.04000091552734,119.5,33624500
2019-03-25 00:00:00+00:00,111.59687042236328,117.66000366210938,118.01000213623047,116.31999969482422,116.55999755859375,27067100
2019-03-26 00:00:00+00:00,111.83395385742188,117.91000366210938,118.70999908447266,116.8499984741211,118.62000274658203,26097700
2019-03-27 00:00:00+00:00,110.75272369384766,116.7699966430664,118.20999908447266,115.5199966430664,117.87999725341797,22733400
2019-03-28 00:00:00+00:00,110.90446472167969,116.93000030517578,117.58000183105469,116.12999725341797,117.44000244140625,18334800
2019-03-29 00:00:00+00:00,111.86241912841797,117.94000244140625,118.31999969482422,116.95999908447266,118.06999969482422,25399800
2019-04-01 00:00:00+00:00,112.88677215576172,119.0199966430664,119.11000061035156,118.0999984741211,118.94999694824219,22789100
2019-04-02 00:00:00+00:00,113.0479965209961,119.19000244140625,119.4800033569336,118.5199966430664,119.05999755859375,18142300
2019-04-03 00:00:00+00:00,113.7878189086914,119.97000122070312,120.43000030517578,119.1500015258789,119.86000061035156,22860700
2019-04-04 00:00:00+00:00,113.20925903320312,119.36000061035156,120.2300033569336,118.37999725341797,120.0999984741211,20112800
2019-04-05 00:00:00+00:00,113.71192932128906,119.88999938964844,120.2300033569336,119.37000274658203,119.38999938964844,15826200
2019-04-08 00:00:00+00:00,113.74987030029297,119.93000030517578,120.0199966430664,118.63999938964844,119.80999755859375,15116200
2019-04-09 00:00:00+00:00,113.13338470458984,119.27999877929688,119.54000091552734,118.58000183105469,118.62999725341797,17612000
2019-04-10 00:00:00+00:00,113.99649810791016,120.19000244140625,120.3499984741211,119.54000091552734,119.76000213623047,16477200
2019-04-11 00:00:00+00:00,114.1292724609375,120.33000183105469,120.8499984741211,119.91999816894531,120.54000091552734,14209100
2019-04-12 00:00:00+00:00,114.71733856201172,120.94999694824219,120.9800033569336,120.37000274658203,120.63999938964844,19745100
2019-04-15 00:00:00+00:00,114.81217956542969,121.05000305175781,121.58000183105469,120.56999969482422,120.94000244140625,15792600
2019-04-16 00:00:00+00:00,114.54659271240234,120.7699966430664,121.6500015258789,120.0999984741211,121.63999938964844,14071800
2019-04-17 00:00:00+00:00,115.49505615234375,121.7699966430664,121.8499984741211,120.54000091552734,121.23999786376953,19300900
2019-04-18 00:00:00+00:00,117.01258850097656,123.37000274658203,123.5199966430664,121.30000305175781,122.19000244140625,27991000
2019-04-22 00:00:00+00:00,117.38251495361328,123.76000213623047,124.0,122.56999969482422,122.62000274658203,15648700
2019-04-23 00:00:00+00:00,118.9759521484375,125.44000244140625,125.58000183105469,123.83000183105469,124.0999984741211,24025500
2019-04-24 00:00:00+00:00,118.56808471679688,125.01000213623047,125.8499984741211,124.5199966430664,125.79000091552734,31257000
2019-04-25 00:00:00+00:00,122.4947509765625,129.14999389648438,131.3699951171875,128.8300018310547,130.05999755859375,38033900
2019-04-26 00:00:00+00:00,123.19661712646484,129.88999938964844,130.52000427246094,129.02000427246094,129.6999969482422,23654900
2019-04-29 00:00:00+00:00,123.08283996582031,129.77000427246094,130.17999267578125,129.35000610351562,129.89999389648438,16324200
2019-04-30 00:00:00+00:00,123.87005615234375,130.60000610351562,130.6999969482422,129.38999938964844,129.80999755859375,24166500
2019-05-01 00:00:00+00:00,121.29021453857422,127.87999725341797,130.64999389648438,127.69999694824219,130.52999877929688,26821700
2019-05-02 00:00:00+00:00,119.70625305175781,126.20999908447266,128.0,125.5199966430664,127.9800033569336,27350200
2019-05-03 00:00:00+00:00,122.25763702392578,128.89999389648438,129.42999267578125,127.25,127.36000061035156,24911100
2019-05-06 00:00:00+00:00,121.54630279541016,128.14999389648438,128.55999755859375,126.11000061035156,126.38999938964844,24239800
2019-05-07 00:00:00+00:00,119.05181884765625,125.5199966430664,127.18000030517578,124.22000122070312,126.45999908447266,36017700
2019-05-08 00:00:00+00:00,119.04235076904297,125.51000213623047,126.37000274658203,124.75,125.44000244140625,28419000
2019-05-09 00:00:00+00:00,119.03285217285156,125.5,125.79000091552734,123.56999969482422,124.29000091552734,27235800
2019-05-10 00:00:00+00:00,120.57884216308594,127.12999725341797,127.93000030517578,123.81999969482422,124.91000366210938,30915100
2019-05-13 00:00:00+00:00,116.99364471435547,123.3499984741211,125.55000305175781,123.04000091552734,124.11000061035156,33944900
2019-05-14 00:00:00+00:00,118.30252075195312,124.7300033569336,125.87999725341797,123.69999694824219,123.87000274658203,25266300
2019-05-15 00:00:00+00:00,119.96849822998047,126.0199966430664,126.70999908447266,123.69999694824219,124.26000213623047,24722700
2019-05-16 00:00:00+00:00,122.7387466430664,128.92999267578125,129.3800048828125,126.45999908447266,126.75,30112200
2019-05-17 00:00:00+00:00,121.9200668334961,128.07000732421875,130.4600067138672,127.91999816894531,128.30999755859375,25770500
2019-05-20 00:00:00+00:00,120.15888214111328,126.22000122070312,127.58999633789062,125.76000213623047,126.5199966430664,23706900
2019-05-21 00:00:00+00:00,120.80623626708984,126.9000015258789,127.52999877929688,126.58000183105469,127.43000030517578,15293300
2019-05-22 00:00:00+00:00,121.53926849365234,127.66999816894531,128.24000549316406,126.5199966430664,126.62000274658203,15396500
2019-05-23 00:00:00+00:00,120.12081146240234,126.18000030517578,126.29000091552734,124.73999786376953,126.19999694824219,23603800
2019-05-24 00:00:00+00:00,120.17793273925781,126.23999786376953,127.41999816894531,125.97000122070312,126.91000366210938,14123400
2019-05-28 00:00:00+00:00,120.1017837524414,126.16000366210938,128.0,126.05000305175781,126.9800033569336,23128400
2019-05-29 00:00:00+00:00,118.94035339355469,124.94000244140625,125.38999938964844,124.04000091552734,125.37999725341797,22763100
2019-05-30 00:00:00+00:00,119.69242858886719,125.7300033569336,125.76000213623047,124.77999877929688,125.26000213623047,16829600
2019-05-31 00:00:00+00:00,117.74087524414062,123.68000030517578,124.62000274658203,123.31999969482422,124.2300033569336,26646800
2019-06-03 00:00:00+00:00,114.08525848388672,119.83999633789062,124.37000274658203,119.01000213623047,123.8499984741211,37983600
2019-06-04 00:00:00+00:00,117.2458267211914,123.16000366210938,123.27999877929688,120.6500015258789,121.27999877929688,29382600
2019-06-05 00:00:00+00:00,119.78761291503906,125.83000183105469,125.87000274658203,124.20999908447266,124.94999694824219,24926100
2019-06-06 00:00:00+00:00,121.68206787109375,127.81999969482422,127.97000122070312,125.5999984741211,126.44000244140625,21459000
2019-06-07 00:00:00+00:00,125.09014892578125,131.39999389648438,132.25,128.25999450683594,129.19000244140625,33885600
2019-06-10 00:00:00+00:00,126.23250579833984,132.60000610351562,134.0800018310547,132.0,132.39999389648438,26477100
2019-06-11 00:00:00+00:00,125.75654602050781,132.10000610351562,134.24000549316406,131.27999877929688,133.8800048828125,23913700
2019-06-12 00:00:00+00:00,125.17583465576172,131.49000549316406,131.97000122070312,130.7100067138672,131.39999389648438,17092500
2019-06-13 00:00:00+00:00,125.96595001220703,132.32000732421875,133.0,131.55999755859375,131.97999572753906,17200800
2019-06-14 00:00:00+00:00,126.08972930908203,132.4499969482422,133.7899932861328,131.63999938964844,132.25999450683594,17821700
2019-06-17 00:00:00+00:00,126.47050476074219,132.85000610351562,133.72999572753906,132.52999877929688,132.6300048828125,14517800
2019-06-18 00:00:00+00:00,128.6696014404297,135.16000366210938,135.24000549316406,133.57000732421875,134.19000244140625,25934500
2019-06-19 00:00:00+00:00,129.1741485595703,135.69000244140625,135.92999267578125,133.80999755859375,135.0,23744400
2019-06-20 00:00:00+00:00,130.37364196777344,136.9499969482422,137.66000366210938,135.72000122070312,137.4499969482422,33042600
2019-06-21 00:00:00+00:00,130.39266967773438,136.97000122070312,137.72999572753906,136.4600067138672,136.5800018310547,36727900
2019-06-24 00:00:00+00:00,131.1637725830078,137.77999877929688,138.39999389648438,137.0,137.0,20628800
2019-06-25 00:00:00+00:00,127.02264404296875,133.42999267578125,137.58999633789062,132.72999572753906,137.25,33327400
2019-06-26 00:00:00+00:00,127.49866485595703,133.92999267578125,135.74000549316406,133.60000610351562,134.35000610351562,23657700
2019-06-27 00:00:00+00:00,127.70809173583984,134.14999389648438,134.7100067138672,133.50999450683594,134.13999938964844,16557500
2019-06-28 00:00:00+00:00,127.5272445678711,133.9600067138672,134.60000610351562,133.16000366210938,134.57000732421875,30043000
2019-07-01 00:00:00+00:00,129.1646270751953,135.67999267578125,136.6999969482422,134.97000122070312,136.6300048828125,22613500
2019-07-02 00:00:00+00:00,130.0214080810547,136.5800018310547,136.58999633789062,135.33999633789062,136.1199951171875,15237800
2019-07-03 00:00:00+00:00,130.85919189453125,137.4600067138672,137.74000549316406,136.2899932861328,136.8000030517578,13629300
2019-07-05 00:00:00+00:00,130.47833251953125,137.05999755859375,137.3300018310547,135.72000122070312,135.94000244140625,18141100
2019-07-08 00:00:00+00:00,130.38316345214844,136.9600067138672,137.10000610351562,135.3699951171875,136.39999389648438,16779700
2019-07-09 00:00:00+00:00,129.90721130371094,136.4600067138672,136.97000122070312,135.8000030517578,136.0,19953100
2019-07-10 00:00:00+00:00,131.23040771484375,137.85000610351562,138.5800018310547,137.02000427246094,137.1300048828125,24204400
2019-07-11 00:00:00+00:00,131.75401306152344,138.39999389648438,139.22000122070312,137.8699951171875,138.1999969482422,22327900
2019-07-12 00:00:00+00:00,132.22998046875,138.89999389648438,139.1300048828125,138.00999450683594,138.85000610351562,18936800
2019-07-15 00:00:00+00:00,132.22998046875,138.89999389648438,139.5399932861328,138.4600067138672,139.44000244140625,16651500
2019-07-16 00:00:00+00:00,130.49740600585938,137.0800018310547,139.0500030517578,136.52000427246094,138.9600067138672,22726100
2019-07-17 00:00:00+00:00,129.726318359375,136.27000427246094,137.92999267578125,136.22000122070312,137.6999969482422,20211000
2019-07-18 00:00:00+00:00,129.86907958984375,136.4199981689453,136.6199951171875,134.6699981689453,135.5500030517578,30381800
2019-07-19 00:00:00+00:00,130.05946350097656,136.6199951171875,140.6699981689453,136.4499969482422,140.22000122070312,48992400
2019-07-22 00:00:00+00:00,131.78253173828125,138.42999267578125,139.19000244140625,137.3300018310547,137.41000366210938,25074900
2019-07-23 00:00:00+00:00,132.6012725830078,139.2899932861328,139.99000549316406,138.02999877929688,139.75999450683594,18034600
2019-07-24 00:00:00+00:00,133.96258544921875,140.72000122070312,140.74000549316406,138.85000610351562,138.89999389648438,20738300
2019-07-25 00:00:00+00:00,133.45803833007812,140.19000244140625,140.61000061035156,139.32000732421875,140.42999267578125,18356900
2019-07-26 00:00:00+00:00,134.55282592773438,141.33999633789062,141.67999267578125,140.3000030517578,140.3699951171875,19037600
2019-07-29 00:00:00+00:00,134.2576904296875,141.02999877929688,141.50999450683594,139.3699951171875,141.5,16605900
2019-07-30 00:00:00+00:00,133.61036682128906,140.35000610351562,141.22000122070312,139.8000030517578,140.13999938964844,16846500
2019-07-31 00:00:00+00:00,129.726318359375,136.27000427246094,140.49000549316406,135.0800018310547,140.3300018310547,38598800
2019-08-01 00:00:00+00:00,131.43032836914062,138.05999755859375,140.94000244140625,136.92999267578125,137.0,40557500
2019-08-02 00:00:00+00:00,130.3260040283203,136.89999389648438,138.32000732421875,135.25999450683594,138.08999633789062,30791600
2019-08-05 00:00:00+00:00,125.86128234863281,132.2100067138672,133.92999267578125,130.77999877929688,133.3000030517578,42749600
2019-08-06 00:00:00+00:00,128.22218322753906,134.69000244140625,135.67999267578125,133.2100067138672,133.8000030517578,32696700
2019-08-07 00:00:00+00:00,128.7838134765625,135.27999877929688,135.64999389648438,131.8300018310547,133.7899932861328,33414500
2019-08-08 00:00:00+00:00,132.22052001953125,138.88999938964844,138.99000549316406,135.92999267578125,136.60000610351562,27496500
2019-08-09 00:00:00+00:00,131.09713745117188,137.7100067138672,139.3800048828125,136.4600067138672,138.61000061035156,23466700
2019-08-12 00:00:00+00:00,129.26934814453125,135.7899932861328,137.86000061035156,135.24000549316406,137.07000732421875,20484300
2019-08-13 00:00:00+00:00,131.94442749023438,138.60000610351562,138.8000030517578,135.0,136.0500030517578,25154600
2019-08-14 00:00:00+00:00,127.9709701538086,133.97999572753906,136.9199981689453,133.6699981689453,136.36000061035156,32527300
2019-08-15 00:00:00+00:00,127.6844482421875,133.67999267578125,134.5800018310547,132.25,134.38999938964844,28074400
2019-08-16 00:00:00+00:00,130.0245819091797,136.1300048828125,136.4600067138672,134.72000122070312,134.8800048828125,24449100
2019-08-19 00:00:00+00:00,132.2023162841797,138.41000366210938,138.5500030517578,136.88999938964844,137.85000610351562,24355700
2019-08-20 00:00:00+00:00,131.10386657714844,137.25999450683594,138.7100067138672,137.24000549316406,138.2100067138672,21170800
2019-08-21 00:00:00+00:00,132.5652618408203,138.7899932861328,139.49000549316406,138.0,138.5500030517578,14970300
2019-08-22 00:00:00+00:00,131.60055541992188,137.77999877929688,139.1999969482422,136.2899932861328,138.66000366210938,18697000
2019-08-23 00:00:00+00:00,127.40744018554688,133.38999938964844,138.35000610351562,132.8000030517578,137.19000244140625,38508600
2019-08-26 00:00:00+00:00,129.3750457763672,135.4499969482422,135.55999755859375,133.89999389648438,134.99000549316406,20312600
2019-08-27 00:00:00+00:00,129.6520538330078,135.74000549316406,136.72000122070312,134.66000366210938,136.38999938964844,23102100
2019-08-28 00:00:00+00:00,129.48011779785156,135.55999755859375,135.75999450683594,133.5500030517578,134.8800048828125,17393300
2019-08-29 00:00:00+00:00,131.92529296875,138.1199951171875,138.44000244140625,136.91000366210938,137.25,20168700
2019-08-30 00:00:00+00:00,131.6769561767578,137.86000061035156,139.17999267578125,136.27000427246094,139.14999389648438,23940100
2019-09-03 00:00:00+00:00,129.93853759765625,136.0399932861328,137.1999969482422,135.6999969482422,136.61000061035156,18869300
2019-09-04 00:00:00+00:00,131.457275390625,137.6300048828125,137.69000244140625,136.47999572753906,137.3000030517578,17995900
2019-09-05 00:00:00+00:00,133.7687530517578,140.0500030517578,140.3800048828125,138.75999450683594,139.11000061035156,26101800
2019-09-06 00:00:00+00:00,132.86131286621094,139.10000610351562,140.17999267578125,138.1999969482422,140.02999877929688,20824500
2019-09-09 00:00:00+00:00,131.3522186279297,137.52000427246094,139.75,136.4600067138672,139.58999633789062,25773900
2019-09-10 00:00:00+00:00,129.97682189941406,136.0800018310547,136.88999938964844,134.50999450683594,136.8000030517578,28903400
2019-09-11 00:00:00+00:00,130.0150146484375,136.1199951171875,136.27000427246094,135.08999633789062,135.91000366210938,24726100
2019-09-12 00:00:00+00:00,131.3522186279297,137.52000427246094,138.4199981689453,136.8699951171875,137.85000610351562,27010000
2019-09-13 00:00:00+00:00,131.1612548828125,137.32000732421875,138.05999755859375,136.57000732421875,137.77999877929688,23363100
2019-09-16 00:00:00+00:00,130.21560668945312,136.3300018310547,136.6999969482422,135.66000366210938,135.8300018310547,16731400
2019-09-17 00:00:00+00:00,131.2280731201172,137.38999938964844,137.52000427246094,136.42999267578125,136.9600067138672,17814200
2019-09-18 00:00:00+00:00,132.30735778808594,138.52000427246094,138.6699981689453,136.52999877929688,137.36000061035156,23982100
2019-09-19 00:00:00+00:00,134.74301147460938,141.07000732421875,142.3699951171875,140.07000732421875,140.3000030517578,35772100
2019-09-20 00:00:00+00:00,133.1861114501953,139.44000244140625,141.64999389648438,138.25,141.00999450683594,39167300
2019-09-23 00:00:00+00:00,132.89956665039062,139.13999938964844,139.6300048828125,138.44000244140625,139.22999572753906,17139300
2019-09-24 00:00:00+00:00,131.21849060058594,137.3800048828125,140.69000244140625,136.8800048828125,140.36000061035156,29773200
2019-09-25 00:00:00+00:00,133.1096649169922,139.36000061035156,139.9600067138672,136.02999877929688,137.5,21382000
2019-09-26 00:00:00+00:00,133.2816162109375,139.5399932861328,140.17999267578125,138.44000244140625,139.44000244140625,17456600
2019-09-27 00:00:00+00:00,131.55276489257812,137.72999572753906,140.36000061035156,136.64999389648438,140.14999389648438,22477700
2019-09-30 00:00:00+00:00,132.79449462890625,139.02999877929688,139.22000122070312,137.77999877929688,138.0500030517578,17280900
2019-10-01 00:00:00+00:00,130.92239379882812,137.07000732421875,140.25,137.0,139.66000366210938,21466600
2019-10-02 00:00:00+00:00,128.6109161376953,134.64999389648438,136.3699951171875,133.5800018310547,136.25,30521700
2019-10-03 00:00:00+00:00,130.1678009033203,136.27999877929688,136.75,133.22000122070312,134.9499969482422,24132900
2019-10-04 00:00:00+00:00,131.92529296875,138.1199951171875,138.25,136.4199981689453,136.75,22897700
2019-10-07 00:00:00+00:00,130.97015380859375,137.1199951171875,138.17999267578125,137.02000427246094,137.13999938964844,15303700
2019-10-08 00:00:00+00:00,129.58518981933594,135.6699981689453,137.75999450683594,135.6199951171875,137.0800018310547,25550500
2019-10-09 00:00:00+00:00,132.0399169921875,138.24000549316406,138.6999969482422,136.97000122070312,137.4600067138672,19749900
2019-10-10 00:00:00+00:00,132.86131286621094,139.10000610351562,139.6699981689453,138.25,138.49000549316406,17654600
2019-10-11 00:00:00+00:00,133.41531372070312,139.67999267578125,141.02999877929688,139.5,140.1199951171875,25446000
2019-10-14 00:00:00+00:00,133.29116821289062,139.5500030517578,140.2899932861328,139.52000427246094,139.69000244140625,13304300
2019-10-15 00:00:00+00:00,135.22059631347656,141.57000732421875,141.7899932861328,139.80999755859375,140.05999755859375,19695700
2019-10-16 00:00:00+00:00,134.1125946044922,140.41000366210938,140.99000549316406,139.52999877929688,140.7899932861328,20751600
2019-10-17 00:00:00+00:00,133.42489624023438,139.69000244140625,141.4199981689453,139.02000427246094,140.9499969482422,21460600
2019-10-18 00:00:00+00:00,131.2471466064453,137.41000366210938,140.0,136.55999755859375,139.75999450683594,32273500
2019-10-21 00:00:00+00:00,132.22137451171875,138.42999267578125,138.5,137.00999450683594,138.4499969482422,20078200
2019-10-22 00:00:00+00:00,130.25375366210938,136.3699951171875,140.00999450683594,136.25999450683594,138.97000122070312,27431000
2019-10-23 00:00:00+00:00,131.08477783203125,137.24000549316406,137.4499969482422,135.61000061035156,136.8800048828125,29844600
2019-10-24 00:00:00+00:00,133.6636962890625,139.94000244140625,140.4199981689453,138.6699981689453,139.38999938964844,37029300
2019-10-25 00:00:00+00:00,134.4182586669922,140.72999572753906,141.13999938964844,139.1999969482422,139.33999633789062,25959700
2019-10-28 00:00:00+00:00,137.7230682373047,144.19000244140625,145.6699981689453,143.50999450683594,144.39999389648438,35280100
2019-10-29 00:00:00+00:00,136.42404174804688,142.8300018310547,144.5,142.64999389648438,144.0800018310547,20589500
2019-10-30 00:00:00+00:00,138.12420654296875,144.61000061035156,145.0,142.7899932861328,143.52000427246094,18496600
2019-10-31 00:00:00+00:00,136.93980407714844,143.3699951171875,144.92999267578125,142.99000549316406,144.89999389648438,24605100
2019-11-01 00:00:00+00:00,137.27415466308594,143.72000122070312,144.4199981689453,142.97000122070312,144.25999450683594,33128400
2019-11-04 00:00:00+00:00,138.06690979003906,144.5500030517578,145.0,144.16000366210938,144.8300018310547,16912000
2019-11-05 00:00:00+00:00,137.98094177246094,144.4600067138672,145.02000427246094,143.91000366210938,144.97000122070312,18250200
2019-11-06 00:00:00+00:00,137.598876953125,144.05999755859375,144.52000427246094,143.1999969482422,144.3699951171875,16575800
2019-11-07 00:00:00+00:00,137.7899169921875,144.25999450683594,144.8800048828125,143.77000427246094,143.83999633789062,17786700
2019-11-08 00:00:00+00:00,139.41366577148438,145.9600067138672,145.99000549316406,143.75999450683594,143.97999572753906,16732700
2019-11-11 00:00:00+00:00,139.5569610595703,146.11000061035156,146.4199981689453,144.72999572753906,145.33999633789062,14362600
2019-11-12 00:00:00+00:00,140.4739227294922,147.07000732421875,147.57000732421875,146.05999755859375,146.27999877929688,18641600
2019-11-13 00:00:00+00:00,140.70315551757812,147.30999755859375,147.4600067138672,146.27999877929688,146.74000549316406,16919200
2019-11-14 00:00:00+00:00,141.41946411132812,148.05999755859375,148.41000366210938,147.0,147.02000427246094,19729800
2019-11-15 00:00:00+00:00,143.2438201904297,149.97000122070312,149.99000549316406,148.27000427246094,148.92999267578125,23485700
2019-11-18 00:00:00+00:00,143.5972442626953,150.33999633789062,150.5500030517578,148.97999572753906,150.07000732421875,21534000
2019-11-19 00:00:00+00:00,143.64503479003906,150.38999938964844,151.3300018310547,150.1999969482422,150.8800048828125,23935700
2019-11-20 00:00:00+00:00,143.3957977294922,149.6199951171875,150.83999633789062,148.4600067138672,150.30999755859375,25696800
2019-11-21 00:00:00+00:00,143.26165771484375,149.47999572753906,149.8000030517578,148.5,149.39999389648438,18576100
2019-11-22 00:00:00+00:00,143.3670196533203,149.58999633789062,150.3000030517578,148.82000732421875,150.07000732421875,15901800
2019-11-25 00:00:00+00:00,144.93882751464844,151.22999572753906,151.35000610351562,149.9199981689453,150.0,22420900
2019-11-26 00:00:00+00:00,145.7055206298828,152.02999877929688,152.4199981689453,151.32000732421875,151.36000061035156,24620100
2019-11-27 00:00:00+00:00,145.98348999023438,152.32000732421875,152.5,151.52000427246094,152.3300018310547,15184400
2019-11-29 00:00:00+00:00,145.0825958251953,151.3800048828125,152.3000030517578,151.27999877929688,152.10000610351562,11977300
2019-12-02 00:00:00+00:00,143.32870483398438,149.5500030517578,151.8300018310547,148.32000732421875,151.80999755859375,27418400
2019-12-03 00:00:00+00:00,143.0987091064453,149.30999755859375,149.42999267578125,146.64999389648438,147.49000549316406,24066000
2019-12-04 00:00:00+00:00,143.61624145507812,149.85000610351562,150.17999267578125,149.1999969482422,150.13999938964844,17574700
2019-12-05 00:00:00+00:00,143.69290161132812,149.92999267578125,150.32000732421875,149.47999572753906,150.0500030517578,17869100
2019-12-06 00:00:00+00:00,145.43719482421875,151.75,151.8699951171875,150.27000427246094,150.99000549316406,16403500
2019-12-09 00:00:00+00:00,145.06344604492188,151.36000061035156,152.2100067138672,150.91000366210938,151.07000732421875,16687400
2019-12-10 00:00:00+00:00,144.8429718017578,151.1300048828125,151.88999938964844,150.75999450683594,151.2899932861328,16476100
2019-12-11 00:00:00+00:00,145.38925170898438,151.6999969482422,151.8699951171875,150.3300018310547,151.5399932861328,18856600
2019-12-12 00:00:00+00:00,146.865234375,153.24000549316406,153.44000244140625,151.02000427246094,151.64999389648438,24612100
2019-12-13 00:00:00+00:00,148.1015625,154.52999877929688,154.88999938964844,152.8300018310547,153.0,23845400
2019-12-16 00:00:00+00:00,149.05995178222656,155.52999877929688,155.89999389648438,154.82000732421875,155.11000061035156,24144200
2019-12-17 00:00:00+00:00,148.25491333007812,154.69000244140625,155.7100067138672,154.4499969482422,155.4499969482422,25425600
2019-12-18 00:00:00+00:00,147.9481964111328,154.3699951171875,155.47999572753906,154.17999267578125,154.3000030517578,24129200
2019-12-19 00:00:00+00:00,149.2324676513672,155.7100067138672,155.77000427246094,153.75,154.0,24958900
2019-12-20 00:00:00+00:00,150.8617706298828,157.41000366210938,158.49000549316406,156.2899932861328,157.35000610351562,53477500
2019-12-23 00:00:00+00:00,150.8617706298828,157.41000366210938,158.1199951171875,157.27000427246094,158.1199951171875,17718200
2019-12-24 00:00:00+00:00,150.83299255371094,157.3800048828125,157.7100067138672,157.1199951171875,157.47999572753906,8989200
2019-12-26 00:00:00+00:00,152.0693359375,158.6699981689453,158.72999572753906,157.39999389648438,157.55999755859375,14520600
2019-12-27 00:00:00+00:00,152.34725952148438,158.9600067138672,159.5500030517578,158.22000122070312,159.4499969482422,18412800
2019-12-30 00:00:00+00:00,151.0342559814453,157.58999633789062,159.02000427246094,156.72999572753906,158.99000549316406,16348400
2019-12-31 00:00:00+00:00,151.1396484375,157.6999969482422,157.77000427246094,156.4499969482422,156.77000427246094,18369400
2020-01-02 00:00:00+00:00,153.93817138671875,160.6199951171875,160.72999572753906,158.3300018310547,158.77999877929688,22622100
2020-01-03 00:00:00+00:00,152.0213623046875,158.6199951171875,159.9499969482422,158.05999755859375,158.32000732421875,21116200
2020-01-06 00:00:00+00:00,152.41432189941406,159.02999877929688,159.10000610351562,156.50999450683594,157.0800018310547,20813700
2020-01-07 00:00:00+00:00,151.02468872070312,157.5800018310547,159.6699981689453,157.32000732421875,159.32000732421875,21634100
2020-01-08 00:00:00+00:00,153.4302520751953,160.08999633789062,160.8000030517578,157.9499969482422,158.92999267578125,27746500
2020-01-09 00:00:00+00:00,155.3470458984375,162.08999633789062,162.22000122070312,161.02999877929688,161.83999633789062,21385000
2020-01-10 00:00:00+00:00,154.6282501220703,161.33999633789062,163.22000122070312,161.17999267578125,162.82000732421875,20725900
2020-01-13 00:00:00+00:00,156.48756408691406,163.27999877929688,163.30999755859375,161.25999450683594,161.75999450683594,21626500
2020-01-14 00:00:00+00:00,155.38539123535156,162.1300048828125,163.60000610351562,161.72000122070312,163.38999938964844,23477400
2020-01-15 00:00:00+00:00,156.39170837402344,163.17999267578125,163.94000244140625,162.57000732421875,162.6199951171875,21417900
2020-01-16 00:00:00+00:00,159.25729370117188,166.1699981689453,166.24000549316406,164.02999877929688,164.35000610351562,23865400
2020-01-17 00:00:00+00:00,160.14865112304688,167.10000610351562,167.47000122070312,165.42999267578125,167.4199981689453,34371700
2020-01-21 00:00:00+00:00,159.5736083984375,166.5,168.19000244140625,166.42999267578125,166.67999267578125,29517200
2020-01-22 00:00:00+00:00,158.80685424804688,165.6999969482422,167.49000549316406,165.67999267578125,167.39999389648438,24138800
2020-01-23 00:00:00+00:00,159.78443908691406,166.72000122070312,166.8000030517578,165.27000427246094,166.19000244140625,19680800
2020-01-24 00:00:00+00:00,158.17434692382812,165.0399932861328,167.52999877929688,164.4499969482422,167.50999450683594,24918100
2020-01-27 00:00:00+00:00,155.52914428710938,162.27999877929688,163.3800048828125,160.1999969482422,161.14999389648438,32078100
2020-01-28 00:00:00+00:00,158.57688903808594,165.4600067138672,165.75999450683594,163.07000732421875,163.77999877929688,24899900
2020-01-29 00:00:00+00:00,161.04953002929688,168.0399932861328,168.75,165.69000244140625,167.83999633789062,34754500
2020-01-30 00:00:00+00:00,165.5923309326172,172.77999877929688,174.0500030517578,170.7899932861328,174.0500030517578,51597500
2020-01-31 00:00:00+00:00,163.1484375,170.22999572753906,172.39999389648438,169.5800018310547,172.2100067138672,36142700
2020-02-03 00:00:00+00:00,167.1257781982422,174.3800048828125,174.5,170.39999389648438,170.42999267578125,30107000
2020-02-04 00:00:00+00:00,172.62698364257812,180.1199951171875,180.63999938964844,176.30999755859375,177.13999938964844,36433300
2020-02-05 00:00:00+00:00,172.41616821289062,179.89999389648438,184.1999969482422,178.41000366210938,184.02999877929688,39186300
2020-02-06 00:00:00+00:00,175.99102783203125,183.6300048828125,183.82000732421875,180.05999755859375,180.97000122070312,27751400
2020-02-07 00:00:00+00:00,176.2401885986328,183.88999938964844,185.6300048828125,182.47999572753906,182.85000610351562,33529100
2020-02-10 00:00:00+00:00,180.85006713867188,188.6999969482422,188.83999633789062,183.25,183.5800018310547,35844300
2020-02-11 00:00:00+00:00,176.76731872558594,184.44000244140625,190.6999969482422,183.5,190.64999389648438,53159900
2020-02-12 00:00:00+00:00,177.02609252929688,184.7100067138672,185.85000610351562,181.85000610351562,185.5800018310547,47062900
2020-02-13 00:00:00+00:00,176.0676727294922,183.7100067138672,186.22999572753906,182.8699951171875,183.0800018310547,35295800
2020-02-14 00:00:00+00:00,177.63946533203125,185.35000610351562,185.41000366210938,182.64999389648438,183.25,23149500
2020-02-18 00:00:00+00:00,179.44125366210938,187.22999572753906,187.6999969482422,185.5,185.61000061035156,27792200
2020-02-19 00:00:00+00:00,179.97938537597656,187.27999877929688,188.17999267578125,186.47000122070312,188.05999755859375,29997500
2020-02-20 00:00:00+00:00,177.23086547851562,184.4199981689453,187.25,181.10000610351562,186.9499969482422,36862400
2020-02-21 00:00:00+00:00,171.62818908691406,178.58999633789062,183.5,177.25,183.1699981689453,48572600
2020-02-24 00:00:00+00:00,164.2283477783203,170.88999938964844,174.5500030517578,163.22999572753906,167.77000427246094,68311100
2020-02-25 00:00:00+00:00,161.5182647705078,168.07000732421875,174.83999633789062,167.64999389648438,174.1999969482422,68073300
2020-02-26 00:00:00+00:00,163.53643798828125,170.1699981689453,173.25999450683594,168.2100067138672,169.7100067138672,56206100
2020-02-27 00:00:00+00:00,152.0137481689453,158.17999267578125,167.02999877929688,157.97999572753906,163.32000732421875,93174900
2020-02-28 00:00:00+00:00,155.69448852539062,162.00999450683594,163.7100067138672,152.0,152.41000366210938,97012700
2020-03-02 00:00:00+00:00,166.05426025390625,172.7899932861328,172.9199981689453,162.30999755859375,165.30999755859375,71030800
2020-03-03 00:00:00+00:00,158.09701538085938,164.50999450683594,175.0,162.25999450683594,173.8000030517578,71677000
2020-03-04 00:00:00+00:00,163.90159606933594,170.5500030517578,170.6999969482422,165.6199951171875,168.49000549316406,49814400
2020-03-05 00:00:00+00:00,159.7884063720703,166.27000427246094,170.8699951171875,165.69000244140625,166.0500030517578,47817300
2020-03-06 00:00:00+00:00,155.27162170410156,161.57000732421875,163.11000061035156,156.0,162.61000061035156,72821100
2020-03-09 00:00:00+00:00,144.7484893798828,150.6199951171875,157.75,150.0,151.0,70419300
2020-03-10 00:00:00+00:00,154.64697265625,160.9199981689453,161.02999877929688,152.5800018310547,158.16000366210938,65354400
2020-03-11 00:00:00+00:00,147.6411590576172,153.6300048828125,157.6999969482422,151.14999389648438,157.1300048828125,56371600
2020-03-12 00:00:00+00:00,133.63916015625,139.05999755859375,153.47000122070312,138.5800018310547,145.3000030517578,93226400
2020-03-13 00:00:00+00:00,152.63845825195312,158.8300018310547,161.91000366210938,140.72999572753906,147.5,92727400
2020-03-16 00:00:00+00:00,130.1410369873047,135.4199981689453,149.35000610351562,135.0,140.0,87905900
2020-03-17 00:00:00+00:00,140.8563690185547,146.57000732421875,147.5,135.0,140.0,81059800
2020-03-18 00:00:00+00:00,134.92691040039062,140.39999389648438,146.0,135.02000427246094,138.0,81593200
2020-03-19 00:00:00+00:00,137.14683532714844,142.7100067138672,150.14999389648438,139.0,142.77000427246094,85922700
2020-03-20 00:00:00+00:00,131.9958038330078,137.35000610351562,147.10000610351562,135.86000061035156,146.0,84866200
2020-03-23 00:00:00+00:00,130.67922973632812,135.97999572753906,140.57000732421875,132.52000427246094,137.00999450683594,78975200
2020-03-24 00:00:00+00:00,142.55735778808594,148.33999633789062,149.60000610351562,141.27000427246094,143.75,82516700
2020-03-25 00:00:00+00:00,141.19273376464844,146.9199981689453,154.3300018310547,144.44000244140625,148.91000366210938,75638200
2020-03-26 00:00:00+00:00,150.0244903564453,156.11000061035156,156.66000366210938,148.3699951171875,148.39999389648438,64568100
2020-03-27 00:00:00+00:00,143.8643798828125,149.6999969482422,154.88999938964844,149.1999969482422,151.75,57042300
2020-03-30 00:00:00+00:00,153.98385620117188,160.22999572753906,160.60000610351562,150.00999450683594,152.44000244140625,63420300
2020-03-31 00:00:00+00:00,151.5621337890625,157.7100067138672,164.77999877929688,156.55999755859375,159.39999389648438,77927200
2020-04-01 00:00:00+00:00,146.18038940429688,152.11000061035156,157.75,150.82000732421875,153.0,57969900
2020-04-02 00:00:00+00:00,149.20761108398438,155.25999450683594,155.47999572753906,150.36000061035156,151.86000061035156,49630700
2020-04-03 00:00:00+00:00,147.83335876464844,153.8300018310547,157.3800048828125,152.19000244140625,155.10000610351562,41243300
2020-04-06 00:00:00+00:00,158.82737731933594,165.27000427246094,166.5,157.5800018310547,160.32000732421875,67111700
2020-04-07 00:00:00+00:00,157.11679077148438,163.49000549316406,170.0,163.25999450683594,169.58999633789062,62769000
2020-04-08 00:00:00+00:00,158.69285583496094,165.1300048828125,166.6699981689453,163.5,165.6699981689453,48318200
2020-04-09 00:00:00+00:00,158.7024688720703,165.13999938964844,167.3699951171875,163.3300018310547,166.36000061035156,51385100
2020-04-13 00:00:00+00:00,159.05799865722656,165.50999450683594,165.57000732421875,162.3000030517578,164.35000610351562,41905300
2020-04-14 00:00:00+00:00,166.9287872314453,173.6999969482422,173.75,168.0,169.0,52874300
2020-04-15 00:00:00+00:00,165.1797332763672,171.8800048828125,173.57000732421875,169.24000549316406,171.1999969482422,40940800
2020-04-16 00:00:00+00:00,170.13856506347656,177.0399932861328,177.27999877929688,172.89999389648438,174.3000030517578,50479600
2020-04-17 00:00:00+00:00,171.63775634765625,178.60000610351562,180.0,175.8699951171875,179.5,52765600
2020-04-20 00:00:00+00:00,168.23577880859375,175.05999755859375,178.75,174.99000549316406,176.6300048828125,36669600
2020-04-21 00:00:00+00:00,161.27801513671875,167.82000732421875,173.6699981689453,166.11000061035156,173.5,56203700
2020-04-22 00:00:00+00:00,166.75579833984375,173.52000427246094,174.0,170.82000732421875,171.38999938964844,34620200
2020-04-23 00:00:00+00:00,164.73768615722656,171.4199981689453,175.05999755859375,170.91000366210938,174.11000061035156,32790800
2020-04-24 00:00:00+00:00,167.7456512451172,174.5500030517578,174.55999755859375,170.7100067138672,172.05999755859375,34277600
2020-04-27 00:00:00+00:00,167.26513671875,174.0500030517578,176.89999389648438,173.3000030517578,176.58999633789062,33194400
2020-04-28 00:00:00+00:00,163.19041442871094,169.80999755859375,175.6699981689453,169.38999938964844,175.58999633789062,34392700
2020-04-29 00:00:00+00:00,170.5133819580078,177.42999267578125,177.67999267578125,171.8800048828125,173.22000122070312,51286600
2020-04-30 00:00:00+00:00,172.2239990234375,179.2100067138672,180.39999389648438,176.22999572753906,180.0,53875900
2020-05-01 00:00:00+00:00,167.76486206054688,174.57000732421875,178.63999938964844,174.00999450683594,175.8000030517578,39370500
2020-05-04 00:00:00+00:00,171.868408203125,178.83999633789062,179.0,173.8000030517578,174.49000549316406,30372900
2020-05-05 00:00:00+00:00,173.71356201171875,180.75999450683594,183.64999389648438,179.89999389648438,180.6199951171875,36839200
2020-05-06 00:00:00+00:00,175.4241485595703,182.5399932861328,184.1999969482422,181.6300048828125,182.0800018310547,32139300
2020-05-07 00:00:00+00:00,176.44285583496094,183.60000610351562,184.5500030517578,182.5800018310547,184.1699981689453,28316000
2020-05-08 00:00:00+00:00,177.48072814941406,184.67999267578125,185.0,183.36000061035156,184.97999572753906,30877800
2020-05-11 00:00:00+00:00,179.46046447753906,186.74000549316406,187.50999450683594,182.85000610351562,183.14999389648438,30892700
2020-05-12 00:00:00+00:00,175.39535522460938,182.50999450683594,187.0399932861328,182.3000030517578,186.8000030517578,32038200
2020-05-13 00:00:00+00:00,172.742919921875,179.75,184.0500030517578,176.5399932861328,182.5500030517578,44711500
2020-05-14 00:00:00+00:00,173.4925537109375,180.52999877929688,180.69000244140625,175.67999267578125,177.5399932861328,41873900
2020-05-15 00:00:00+00:00,176.02001953125,183.16000366210938,187.05999755859375,177.0,179.05999755859375,46610400
2020-05-18 00:00:00+00:00,177.7018280029297,184.91000366210938,186.1999969482422,183.9600067138672,185.75,35264500
2020-05-19 00:00:00+00:00,176.47174072265625,183.6300048828125,186.60000610351562,183.49000549316406,185.02999877929688,26799100
2020-05-20 00:00:00+00:00,178.9194793701172,185.66000366210938,185.85000610351562,183.94000244140625,184.80999755859375,31261300
2020-05-21 00:00:00+00:00,176.77040100097656,183.42999267578125,186.6699981689453,183.2899932861328,185.39999389648438,29119500
2020-05-22 00:00:00+00:00,176.84756469726562,183.50999450683594,184.4600067138672,182.5399932861328,183.19000244140625,20826900
2020-05-26 00:00:00+00:00,174.97799682617188,181.57000732421875,186.5,181.10000610351562,186.33999633789062,36073600
2020-05-27 00:00:00+00:00,175.20925903320312,181.80999755859375,181.99000549316406,176.60000610351562,180.1999969482422,39517100
2020-05-28 00:00:00+00:00,174.8141632080078,181.39999389648438,184.14999389648438,180.3800048828125,180.74000549316406,33810200
2020-05-29 00:00:00+00:00,176.5969696044922,183.25,184.27000427246094,180.41000366210938,182.72999572753906,42130400
2020-06-01 00:00:00+00:00,176.19223022460938,182.8300018310547,183.0,181.4600067138672,182.5399932861328,22622400
2020-06-02 00:00:00+00:00,178.19671630859375,184.91000366210938,185.0,181.35000610351562,184.25,30794600
2020-06-03 00:00:00+00:00,178.63040161132812,185.36000061035156,185.94000244140625,183.5800018310547,184.82000732421875,27311000
2020-06-04 00:00:00+00:00,176.27896118164062,182.9199981689453,185.83999633789062,182.3000030517578,184.3000030517578,28761800
2020-06-05 00:00:00+00:00,180.40354919433594,187.1999969482422,187.72999572753906,182.00999450683594,182.6199951171875,39893600
2020-06-08 00:00:00+00:00,181.52146911621094,188.36000061035156,188.5500030517578,184.44000244140625,185.94000244140625,33211600
2020-06-09 00:00:00+00:00,182.90914916992188,189.8000030517578,190.6999969482422,187.25999450683594,188.0,29783900
2020-06-10 00:00:00+00:00,189.69358825683594,196.83999633789062,198.52000427246094,191.00999450683594,191.1300048828125,43872300
2020-06-11 00:00:00+00:00,179.50732421875,186.27000427246094,195.75999450683594,186.07000732421875,193.1300048828125,52854700
2020-06-12 00:00:00+00:00,180.9239501953125,187.74000549316406,191.72000122070312,185.17999267578125,190.5399932861328,43373600
2020-06-15 00:00:00+00:00,182.08041381835938,188.94000244140625,190.82000732421875,184.00999450683594,184.5800018310547,32770200
2020-06-16 00:00:00+00:00,186.54229736328125,193.57000732421875,195.5800018310547,191.4600067138672,192.88999938964844,42556700
2020-06-17 00:00:00+00:00,187.18798828125,194.24000549316406,196.32000732421875,193.69000244140625,195.02999877929688,25687800
2020-06-18 00:00:00+00:00,189.19247436523438,196.32000732421875,196.49000549316406,194.0,194.0,23061600
2020-06-19 00:00:00+00:00,188.06492614746094,195.14999389648438,199.2899932861328,194.3699951171875,198.58999633789062,44441100
2020-06-22 00:00:00+00:00,193.2881317138672,200.57000732421875,200.75999450683594,195.22999572753906,195.7899932861328,32818900
2020-06-23 00:00:00+00:00,194.57948303222656,201.91000366210938,203.9499969482422,201.42999267578125,202.08999633789062,30917400
2020-06-24 00:00:00+00:00,190.6572723388672,197.83999633789062,203.25,196.55999755859375,201.60000610351562,36740600
2020-06-25 00:00:00+00:00,193.06651306152344,200.33999633789062,200.61000061035156,195.47000122070312,197.8000030517578,27803900
2020-06-26 00:00:00+00:00,189.20208740234375,196.3300018310547,199.88999938964844,194.8800048828125,199.72999572753906,54675800
2020-06-29 00:00:00+00:00,191.23548889160156,198.44000244140625,198.52999877929688,193.5500030517578,195.77999877929688,26701600
2020-06-30 00:00:00+00:00,196.12139892578125,203.50999450683594,204.39999389648438,197.74000549316406,197.8800048828125,34310300
2020-07-01 00:00:00+00:00,197.26820373535156,204.6999969482422,206.35000610351562,201.77000427246094,203.13999938964844,32061200
2020-07-02 00:00:00+00:00,198.7715606689453,206.25999450683594,208.02000427246094,205.0,205.67999267578125,29315800
2020-07-06 00:00:00+00:00,203.05039978027344,210.6999969482422,211.1300048828125,208.08999633789062,208.8300018310547,31897600
2020-07-07 00:00:00+00:00,200.68931579589844,208.25,214.6699981689453,207.99000549316406,210.4499969482422,33600700
2020-07-08 00:00:00+00:00,205.10304260253906,212.8300018310547,213.25999450683594,208.69000244140625,210.07000732421875,33600000
2020-07-09 00:00:00+00:00,206.5389404296875,214.32000732421875,216.3800048828125,211.47000122070312,216.3300018310547,33121700
2020-07-10 00:00:00+00:00,205.91258239746094,213.6699981689453,214.0800018310547,211.0800018310547,213.6199951171875,26177600
2020-07-13 00:00:00+00:00,199.55215454101562,207.07000732421875,215.8000030517578,206.5,214.47999572753906,38135600
2020-07-14 00:00:00+00:00,200.78567504882812,208.35000610351562,208.85000610351562,202.02999877929688,206.1300048828125,37591800
2020-07-15 00:00:00+00:00,200.48695373535156,208.0399932861328,211.3300018310547,205.02999877929688,209.55999755859375,32179400
2020-07-16 00:00:00+00:00,196.51654052734375,203.9199981689453,205.6999969482422,202.30999755859375,205.39999389648438,29940700
2020-07-17 00:00:00+00:00,195.51429748535156,202.8800048828125,205.0399932861328,201.38999938964844,204.47000122070312,31635300
2020-07-20 00:00:00+00:00,203.917724609375,211.60000610351562,212.3000030517578,203.00999450683594,205.0,36884800
2020-07-21 00:00:00+00:00,201.17117309570312,208.75,213.94000244140625,208.02999877929688,213.66000366210938,37990400
2020-07-22 00:00:00+00:00,204.06227111816406,211.75,212.3000030517578,208.38999938964844,209.1999969482422,49605700
2020-07-23 00:00:00+00:00,195.18658447265625,202.5399932861328,210.9199981689453,202.14999389648438,207.19000244140625,67457000
2020-07-24 00:00:00+00:00,193.9916229248047,201.3000030517578,202.86000061035156,197.50999450683594,200.4199981689453,39827000
2020-07-27 00:00:00+00:00,196.4490966796875,203.85000610351562,203.97000122070312,200.86000061035156,201.47000122070312,30160900
2020-07-28 00:00:00+00:00,194.68553161621094,202.02000427246094,204.6999969482422,201.74000549316406,203.61000061035156,23251400
2020-07-29 00:00:00+00:00,196.6514434814453,204.05999755859375,204.64999389648438,202.00999450683594,202.5,19632600
2020-07-30 00:00:00+00:00,196.49725341796875,203.89999389648438,204.4600067138672,199.57000732421875,201.0,25079600
2020-07-31 00:00:00+00:00,197.5669403076172,205.00999450683594,205.10000610351562,199.00999450683594,204.39999389648438,51044000
2020-08-03 00:00:00+00:00,208.67835998535156,216.5399932861328,217.63999938964844,210.44000244140625,211.52000427246094,78983000
2020-08-04 00:00:00+00:00,205.54638671875,213.2899932861328,214.77000427246094,210.30999755859375,214.1699981689453,49280100
2020-08-05 00:00:00+00:00,205.2090301513672,212.94000244140625,215.0,211.57000732421875,214.89999389648438,28806400
2020-08-06 00:00:00+00:00,208.49526977539062,216.35000610351562,216.3699951171875,211.5500030517578,212.33999633789062,32656800
2020-08-07 00:00:00+00:00,204.76577758789062,212.47999572753906,215.6999969482422,210.92999267578125,214.85000610351562,27820400
2020-08-10 00:00:00+00:00,200.68931579589844,208.25,211.8800048828125,206.35000610351562,211.6699981689453,36716500
2020-08-11 00:00:00+00:00,195.9961395263672,203.3800048828125,207.64999389648438,203.13999938964844,207.16000366210938,36446500
2020-08-12 00:00:00+00:00,201.59518432617188,209.19000244140625,210.27999877929688,204.75,205.2899932861328,28013100
2020-08-13 00:00:00+00:00,201.12298583984375,208.6999969482422,211.35000610351562,208.14999389648438,209.44000244140625,22588900
2020-08-14 00:00:00+00:00,201.31573486328125,208.89999389648438,209.58999633789062,207.50999450683594,208.75999450683594,17958900
2020-08-17 00:00:00+00:00,202.64566040039062,210.27999877929688,211.19000244140625,208.9199981689453,209.60000610351562,20184800
2020-08-18 00:00:00+00:00,203.81170654296875,211.49000549316406,212.36000061035156,209.2100067138672,210.52999877929688,21336200
2020-08-19 00:00:00+00:00,202.57522583007812,209.6999969482422,212.10000610351562,209.25,211.49000549316406,27627600
2020-08-20 00:00:00+00:00,207.28941345214844,214.5800018310547,215.0,208.91000366210938,209.5399932861328,26981500
2020-08-21 00:00:00+00:00,205.78240966796875,213.02000427246094,216.25,212.85000610351562,213.86000061035156,36249300
2020-08-24 00:00:00+00:00,206.4296112060547,213.69000244140625,215.52000427246094,212.42999267578125,214.7899932861328,25460100
2020-08-25 00:00:00+00:00,209.1151580810547,216.47000122070312,216.61000061035156,213.10000610351562,213.10000610351562,23043700
2020-08-26 00:00:00+00:00,213.6361541748047,221.14999389648438,222.08999633789062,217.36000061035156,217.8800048828125,39600800
2020-08-27 00:00:00+00:00,218.88168334960938,226.5800018310547,231.14999389648438,219.39999389648438,222.88999938964844,57602200
2020-08-28 00:00:00+00:00,221.13250732421875,228.91000366210938,230.63999938964844,226.5800018310547,228.17999267578125,26292900
2020-08-31 00:00:00+00:00,217.86734008789062,225.52999877929688,228.6999969482422,224.30999755859375,227.0,28774200
2020-09-01 00:00:00+00:00,219.54824829101562,227.27000427246094,227.4499969482422,224.42999267578125,225.50999450683594,25725500
2020-09-02 00:00:00+00:00,223.7794189453125,231.64999389648438,232.86000061035156,227.35000610351562,227.97000122070312,34080800
2020-09-03 00:00:00+00:00,209.91696166992188,217.3000030517578,229.30999755859375,214.9600067138672,229.27000427246094,58400300
2020-09-04 00:00:00+00:00,206.97059631347656,214.25,218.36000061035156,205.19000244140625,215.10000610351562,59664100
2020-09-08 00:00:00+00:00,195.77435302734375,202.66000366210938,210.02999877929688,202.1999969482422,206.5,52924300
2020-09-09 00:00:00+00:00,204.1111602783203,211.2899932861328,214.83999633789062,206.6999969482422,207.60000610351562,45679000
2020-09-10 00:00:00+00:00,198.39231872558594,205.3699951171875,214.74000549316406,204.11000061035156,213.39999389648438,35461500
2020-09-11 00:00:00+00:00,197.0978240966797,204.02999877929688,208.6300048828125,201.24000549316406,207.1999969482422,33620100
2020-09-14 00:00:00+00:00,198.43093872070312,205.41000366210938,209.1999969482422,204.02999877929688,204.24000549316406,30375800
2020-09-15 00:00:00+00:00,201.68646240234375,208.77999877929688,209.77999877929688,206.92999267578125,208.4199981689453,21823900
2020-09-16 00:00:00+00:00,198.08319091796875,205.0500030517578,210.64999389648438,204.63999938964844,210.6199951171875,26328100
2020-09-17 00:00:00+00:00,196.01589965820312,202.91000366210938,204.3300018310547,199.9600067138672,200.0500030517578,34011300
2020-09-18 00:00:00+00:00,193.58151245117188,200.38999938964844,203.64999389648438,196.25,202.8000030517578,55225300
2020-09-21 00:00:00+00:00,195.65843200683594,202.5399932861328,202.7100067138672,196.3800048828125,197.19000244140625,39839700
2020-09-22 00:00:00+00:00,200.37265014648438,207.4199981689453,208.10000610351562,202.0800018310547,205.05999755859375,33517100
2020-09-23 00:00:00+00:00,193.7747039794922,200.58999633789062,208.10000610351562,200.02999877929688,207.89999389648438,30803800
2020-09-24 00:00:00+00:00,196.28634643554688,203.19000244140625,205.57000732421875,199.1999969482422,199.85000610351562,31202500
2020-09-25 00:00:00+00:00,200.75906372070312,207.82000732421875,209.0399932861328,202.5399932861328,203.5500030517578,29437300
2020-09-28 00:00:00+00:00,202.3240509033203,209.44000244140625,212.57000732421875,208.05999755859375,210.8800048828125,32004900
2020-09-29 00:00:00+00:00,200.2180938720703,207.25999450683594,210.07000732421875,206.80999755859375,209.35000610351562,24221900
2020-09-30 00:00:00+00:00,203.1837921142578,210.3300018310547,211.97999572753906,206.5399932861328,207.72999572753906,33829100
2020-10-01 00:00:00+00:00,205.2414093017578,212.4600067138672,213.99000549316406,211.32000732421875,213.49000549316406,27158400
2020-10-02 00:00:00+00:00,199.1844024658203,206.19000244140625,210.99000549316406,205.5399932861328,208.0,33154800
2020-10-05 00:00:00+00:00,203.2321319580078,210.3800048828125,210.41000366210938,206.97999572753906,207.22000122070312,21331600
2020-10-06 00:00:00+00:00,198.9139404296875,205.91000366210938,210.17999267578125,204.82000732421875,208.82000732421875,28554300
2020-10-07 00:00:00+00:00,202.70077514648438,209.8300018310547,210.11000061035156,206.72000122070312,207.05999755859375,25681100
2020-10-08 00:00:00+00:00,203.42530822753906,210.5800018310547,211.19000244140625,208.32000732421875,210.50999450683594,19925800
2020-10-09 00:00:00+00:00,208.4776153564453,215.80999755859375,215.86000061035156,211.22999572753906,211.22999572753906,26458000
2020-10-12 00:00:00+00:00,213.87767028808594,221.39999389648438,223.86000061035156,216.80999755859375,218.7899932861328,40461400
2020-10-13 00:00:00+00:00,215.2880859375,222.86000061035156,225.2100067138672,220.42999267578125,222.72000122070312,28950800
2020-10-14 00:00:00+00:00,213.3560028076172,220.86000061035156,224.22000122070312,219.1300048828125,223.0,23421700
2020-10-15 00:00:00+00:00,212.19679260253906,219.66000366210938,220.36000061035156,216.00999450683594,217.10000610351562,22733100
2020-10-16 00:00:00+00:00,212.19679260253906,219.66000366210938,222.2899932861328,219.32000732421875,220.14999389648438,26057900
2020-10-19 00:00:00+00:00,206.94161987304688,214.22000122070312,222.3000030517578,213.72000122070312,220.4199981689453,27625800
2020-10-20 00:00:00+00:00,207.3569793701172,214.64999389648438,217.3699951171875,213.08999633789062,215.8000030517578,22753500
2020-10-21 00:00:00+00:00,207.50192260742188,214.8000030517578,216.9199981689453,213.1199951171875,213.1199951171875,22724900
2020-10-22 00:00:00+00:00,207.58888244628906,214.88999938964844,216.05999755859375,211.6999969482422,213.92999267578125,22351500
2020-10-23 00:00:00+00:00,208.88333129882812,216.22999572753906,216.27999877929688,213.16000366210938,215.02999877929688,18879600
2020-10-26 00:00:00+00:00,202.9423370361328,210.0800018310547,216.33999633789062,208.10000610351562,213.85000610351562,37111600
2020-10-27 00:00:00+00:00,206.0045623779297,213.25,214.6699981689453,210.3300018310547,211.58999633789062,36700300
2020-10-28 00:00:00+00:00,195.79371643066406,202.67999267578125,208.83999633789062,202.10000610351562,207.6699981689453,51195600
2020-10-29 00:00:00+00:00,197.76438903808594,204.72000122070312,207.36000061035156,203.3699951171875,204.07000732421875,31432600
2020-10-30 00:00:00+00:00,195.5908203125,202.47000122070312,204.2899932861328,199.6199951171875,203.5,36953700
2020-11-02 00:00:00+00:00,195.4556121826172,202.3300018310547,205.27999877929688,200.1199951171875,204.2899932861328,30842200
2020-11-03 00:00:00+00:00,199.41627502441406,206.42999267578125,208.1199951171875,203.1199951171875,203.88999938964844,27512000
2020-11-04 00:00:00+00:00,209.03790283203125,216.38999938964844,218.32000732421875,212.4199981689453,214.02000427246094,42311800
2020-11-05 00:00:00+00:00,215.7034454345703,223.2899932861328,224.1199951171875,221.14999389648438,222.0399932861328,36080100
2020-11-06 00:00:00+00:00,216.1188507080078,223.72000122070312,224.36000061035156,218.02999877929688,222.25999450683594,25231900
2020-11-09 00:00:00+00:00,210.96995544433594,218.38999938964844,228.1199951171875,217.8800048828125,224.44000244140625,44395000
2020-11-10 00:00:00+00:00,203.84066772460938,211.00999450683594,216.5,209.72000122070312,214.5,44045100
2020-11-11 00:00:00+00:00,209.19247436523438,216.5500030517578,218.0399932861328,212.1999969482422,212.38999938964844,29440800
2020-11-12 00:00:00+00:00,208.1201629638672,215.44000244140625,219.11000061035156,214.4600067138672,217.2100067138672,21593900
2020-11-13 00:00:00+00:00,209.15382385253906,216.50999450683594,217.4199981689453,214.16000366210938,216.36000061035156,18621100
2020-11-16 00:00:00+00:00,209.84934997558594,217.22999572753906,217.74000549316406,214.52000427246094,214.8699951171875,24953300
2020-11-17 00:00:00+00:00,207.1734619140625,214.4600067138672,217.67999267578125,214.0800018310547,216.10000610351562,24154100
2020-11-18 00:00:00+00:00,204.44216918945312,211.0800018310547,215.1699981689453,210.92999267578125,213.64999389648438,28372800
2020-11-19 00:00:00+00:00,205.74002075195312,212.4199981689453,213.02999877929688,209.92999267578125,211.3800048828125,24792700
2020-11-20 00:00:00+00:00,203.7738494873047,210.38999938964844,213.2899932861328,210.0,212.1999969482422,22843100
2020-11-23 00:00:00+00:00,203.50262451171875,210.11000061035156,212.2899932861328,208.16000366210938,210.9499969482422,25683500
2020-11-24 00:00:00+00:00,207.13473510742188,213.86000061035156,214.25,208.86000061035156,209.58999633789062,33979700
2020-11-25 00:00:00+00:00,207.14437866210938,213.8699951171875,215.2899932861328,212.4600067138672,215.11000061035156,21012900
2020-11-27 00:00:00+00:00,208.46165466308594,215.22999572753906,216.27000427246094,214.0399932861328,214.85000610351562,14512200
2020-11-30 00:00:00+00:00,207.338134765625,214.07000732421875,214.75999450683594,210.83999633789062,214.10000610351562,33064800
2020-12-01 00:00:00+00:00,209.41082763671875,216.2100067138672,217.32000732421875,213.35000610351562,214.50999450683594,30904500
2020-12-02 00:00:00+00:00,208.5972137451172,215.3699951171875,215.47000122070312,212.8000030517578,214.8800048828125,23724500
2020-12-03 00:00:00+00:00,207.50277709960938,214.24000549316406,216.3800048828125,213.64999389648438,214.61000061035156,25120900
2020-12-04 00:00:00+00:00,207.61898803710938,214.36000061035156,215.3800048828125,213.17999267578125,214.22000122070312,24666000
2020-12-07 00:00:00+00:00,207.5511932373047,214.2899932861328,215.5399932861328,212.99000549316406,214.3699951171875,24620000
2020-12-08 00:00:00+00:00,209.21713256835938,216.00999450683594,216.9499969482422,212.88999938964844,213.97000122070312,23284100
2020-12-09 00:00:00+00:00,205.13951110839844,211.8000030517578,215.22999572753906,211.2100067138672,215.16000366210938,32440600
2020-12-10 00:00:00+00:00,203.89976501464844,210.52000427246094,213.0800018310547,210.36000061035156,211.77000427246094,26733300
2020-12-11 00:00:00+00:00,206.55360412597656,213.25999450683594,213.32000732421875,209.11000061035156,210.0500030517578,30979400
2020-12-14 00:00:00+00:00,207.4640350341797,214.1999969482422,216.2100067138672,212.8800048828125,213.10000610351562,28798400
2020-12-15 00:00:00+00:00,207.39625549316406,214.1300048828125,215.4199981689453,212.24000549316406,215.1699981689453,27000600
2020-12-16 00:00:00+00:00,212.38424682617188,219.27999877929688,220.11000061035156,214.72000122070312,214.75,35023300
2020-12-17 00:00:00+00:00,212.51986694335938,219.4199981689453,220.88999938964844,217.9199981689453,219.8699951171875,32515800
2020-12-18 00:00:00+00:00,211.7159881591797,218.58999633789062,219.69000244140625,216.02000427246094,218.58999633789062,63354900
2020-12-21 00:00:00+00:00,215.59019470214844,222.58999633789062,224.0,217.27999877929688,217.5500030517578,37181900
2020-12-22 00:00:00+00:00,216.89772033691406,223.94000244140625,225.6300048828125,221.85000610351562,222.69000244140625,22612200
2020-12-23 00:00:00+00:00,214.06956481933594,221.02000427246094,223.55999755859375,220.8000030517578,223.11000061035156,18699600
2020-12-24 00:00:00+00:00,215.7451629638672,222.75,223.61000061035156,221.1999969482422,221.4199981689453,10550600
2020-12-28 00:00:00+00:00,217.8856658935547,224.9600067138672,226.02999877929688,223.02000427246094,224.4499969482422,17933500
2020-12-29 00:00:00+00:00,217.1011505126953,224.14999389648438,227.17999267578125,223.5800018310547,226.30999755859375,17403200
2020-12-30 00:00:00+00:00,214.7088165283203,221.67999267578125,225.6300048828125,221.47000122070312,225.22999572753906,20272300
2020-12-31 00:00:00+00:00,215.425537109375,222.4199981689453,223.0,219.67999267578125,221.6999969482422,20942100
2021-01-04 00:00:00+00:00,210.84426879882812,217.69000244140625,223.0,214.80999755859375,222.52999877929688,37130100
2021-01-05 00:00:00+00:00,211.04766845703125,217.89999389648438,218.52000427246094,215.6999969482422,217.25999450683594,23823000
2021-01-06 00:00:00+00:00,205.57534790039062,212.25,216.49000549316406,211.94000244140625,212.1699981689453,35930700
2021-01-07 00:00:00+00:00,211.42543029785156,218.2899932861328,219.33999633789062,213.7100067138672,214.0399932861328,27694500
2021-01-08 00:00:00+00:00,212.71356201171875,219.6199951171875,220.5800018310547,217.02999877929688,218.67999267578125,22956200
2021-01-11 00:00:00+00:00,210.6505889892578,217.49000549316406,218.91000366210938,216.72999572753906,218.47000122070312,23031300
2021-01-12 00:00:00+00:00,208.1710662841797,214.92999267578125,217.10000610351562,213.32000732421875,216.5,23249300
2021-01-13 00:00:00+00:00,209.53671264648438,216.33999633789062,216.75999450683594,213.92999267578125,214.02000427246094,20087100
2021-01-14 00:00:00+00:00,206.32113647460938,213.02000427246094,217.4600067138672,212.74000549316406,215.91000366210938,29480800
2021-01-15 00:00:00+00:00,205.96275329589844,212.64999389648438,214.50999450683594,212.02999877929688,213.52000427246094,31746500
2021-01-19 00:00:00+00:00,209.6335906982422,216.44000244140625,216.97999572753906,212.6300048828125,213.75,30480900
2021-01-20 00:00:00+00:00,217.28515625,224.33999633789062,225.7899932861328,217.2899932861328,217.6999969482422,37777300
2021-01-21 00:00:00+00:00,217.89535522460938,224.97000122070312,226.3000030517578,222.4199981689453,224.6999969482422,30709400
2021-01-22 00:00:00+00:00,218.8445281982422,225.9499969482422,230.07000732421875,225.8000030517578,227.0800018310547,30172700
2021-01-25 00:00:00+00:00,222.31195068359375,229.52999877929688,229.77999877929688,224.22000122070312,229.1199951171875,33152100
2021-01-26 00:00:00+00:00,225.02392578125,232.3300018310547,234.17999267578125,230.0800018310547,231.86000061035156,49169600
2021-01-27 00:00:00+00:00,225.575927734375,232.89999389648438,240.44000244140625,230.13999938964844,238.0,69870600
2021-01-28 00:00:00+00:00,231.41632080078125,238.92999267578125,242.63999938964844,235.08999633789062,235.61000061035156,49111200
2021-01-29 00:00:00+00:00,224.66555786132812,231.9600067138672,238.02000427246094,231.35000610351562,235.99000549316406,42503100
2021-02-01 00:00:00+00:00,232.11370849609375,239.64999389648438,242.5,232.42999267578125,235.05999755859375,33314200
2021-02-02 00:00:00+00:00,231.97813415527344,239.50999450683594,242.30999755859375,238.69000244140625,241.3000030517578,25916300
2021-02-03 00:00:00+00:00,235.35833740234375,243.0,245.08999633789062,239.25999450683594,239.57000732421875,27158100
2021-02-04 00:00:00+00:00,234.3994598388672,242.00999450683594,243.24000549316406,240.3699951171875,242.66000366210938,25296100
2021-02-05 00:00:00+00:00,234.58351135253906,242.1999969482422,243.27999877929688,240.4199981689453,242.22999572753906,18054800
2021-02-08 00:00:00+00:00,234.84503173828125,242.47000122070312,243.67999267578125,240.80999755859375,243.14999389648438,22211900
2021-02-09 00:00:00+00:00,236.10415649414062,243.77000427246094,244.75999450683594,241.3800048828125,241.8699951171875,23565000
2021-02-10 00:00:00+00:00,235.1840057373047,242.82000732421875,245.9199981689453,240.88999938964844,245.0,22186700
2021-02-11 00:00:00+00:00,236.80149841308594,244.49000549316406,245.14999389648438,242.14999389648438,244.77999877929688,15751100
2021-02-12 00:00:00+00:00,237.2858123779297,244.99000549316406,245.3000030517578,242.72999572753906,243.92999267578125,16561100
2021-02-16 00:00:00+00:00,236.03634643554688,243.6999969482422,246.1300048828125,242.9199981689453,245.02999877929688,26728500
2021-02-17 00:00:00+00:00,237.06536865234375,244.1999969482422,244.30999755859375,240.94000244140625,241.32000732421875,21653500
2021-02-18 00:00:00+00:00,236.66732788085938,243.7899932861328,243.92999267578125,240.86000061035156,241.8000030517578,16925600
2021-02-19 00:00:00+00:00,233.92974853515625,240.97000122070312,243.86000061035156,240.17999267578125,243.75,25262600
2021-02-22 00:00:00+00:00,227.65847778320312,234.50999450683594,237.92999267578125,232.39999389648438,237.4199981689453,36446900
2021-02-23 00:00:00+00:00,226.4547119140625,233.27000427246094,234.8300018310547,228.72999572753906,230.3300018310547,30228700
2021-02-24 00:00:00+00:00,227.6973114013672,234.5500030517578,235.1999969482422,229.0,230.00999450683594,26339700
2021-02-25 00:00:00+00:00,222.2997589111328,228.99000549316406,234.58999633789062,227.8800048828125,232.0800018310547,39542200
2021-02-26 00:00:00+00:00,225.59068298339844,232.3800048828125,235.3699951171875,229.5399932861328,231.52999877929688,37819200
2021-03-01 00:00:00+00:00,230.01747131347656,236.94000244140625,237.47000122070312,233.14999389648438,235.89999389648438,25324000
2021-03-02 00:00:00+00:00,227.03720092773438,233.8699951171875,237.3000030517578,233.4499969482422,237.00999450683594,22812500
2021-03-03 00:00:00+00:00,220.91152954101562,227.55999755859375,233.5800018310547,227.25999450683594,232.16000366210938,34029500
2021-03-04 00:00:00+00:00,220.1057891845703,226.72999572753906,232.49000549316406,224.25999450683594,226.74000549316406,44727800
2021-03-05 00:00:00+00:00,224.83351135253906,231.60000610351562,233.27000427246094,226.4600067138672,229.52000427246094,41872800
2021-03-08 00:00:00+00:00,220.74649047851562,227.38999938964844,233.3699951171875,227.1300048828125,231.3699951171875,35267400
2021-03-09 00:00:00+00:00,226.9497833251953,233.77999877929688,235.3800048828125,231.6699981689453,232.8800048828125,33080500
2021-03-10 00:00:00+00:00,225.62953186035156,232.4199981689453,237.0,232.0399932861328,237.0,29746800
2021-03-11 00:00:00+00:00,230.20191955566406,237.1300048828125,239.1699981689453,234.30999755859375,234.9600067138672,29907600
2021-03-12 00:00:00+00:00,228.8622283935547,235.75,235.82000732421875,233.22999572753906,234.00999450683594,22653700
2021-03-15 00:00:00+00:00,227.94969177246094,234.80999755859375,235.19000244140625,231.80999755859375,234.9600067138672,26034900
2021-03-16 00:00:00+00:00,230.76498413085938,237.7100067138672,240.05999755859375,235.94000244140625,236.27999877929688,28092200
2021-03-17 00:00:00+00:00,230.1145782470703,237.0399932861328,238.5500030517578,233.22999572753906,236.14999389648438,29562100
2021-03-18 00:00:00+00:00,223.97921752929688,230.72000122070312,234.19000244140625,230.3300018310547,232.55999755859375,34833000
2021-03-19 00:00:00+00:00,223.62001037597656,230.35000610351562,232.47000122070312,229.35000610351562,231.02000427246094,46430700
2021-03-22 00:00:00+00:00,229.09523010253906,235.99000549316406,236.89999389648438,230.13999938964844,230.27000427246094,30127000
2021-03-23 00:00:00+00:00,230.6387939453125,237.5800018310547,241.0500030517578,237.07000732421875,237.49000549316406,31638400
2021-03-24 00:00:00+00:00,228.5807342529297,235.4600067138672,238.0,235.32000732421875,237.85000610351562,25620100
2021-03-25 00:00:00+00:00,225.55186462402344,232.33999633789062,236.94000244140625,231.57000732421875,235.3000030517578,34061900
2021-03-26 00:00:00+00:00,229.57089233398438,236.47999572753906,236.7100067138672,231.5500030517578,231.5500030517578,25479900
2021-03-29 00:00:00+00:00,228.36715698242188,235.24000549316406,236.8000030517578,231.8800048828125,236.58999633789062,25227500
2021-03-30 00:00:00+00:00,225.07620239257812,231.85000610351562,233.85000610351562,231.10000610351562,233.52999877929688,24792000
2021-03-31 00:00:00+00:00,228.8816680908203,235.77000427246094,239.10000610351562,232.38999938964844,232.91000366210938,43623500
2021-04-01 00:00:00+00:00,235.26939392089844,242.35000610351562,242.83999633789062,238.0500030517578,238.47000122070312,30338000
2021-04-05 00:00:00+00:00,241.7930908203125,249.07000732421875,249.9600067138672,242.6999969482422,242.75999450683594,36910600
2021-04-06 00:00:00+00:00,240.618408203125,247.86000061035156,249.39999389648438,246.8800048828125,247.61000061035156,22931900
2021-04-07 00:00:00+00:00,242.59884643554688,249.89999389648438,250.92999267578125,247.19000244140625,247.80999755859375,22719800
2021-04-08 00:00:00+00:00,245.85098266601562,253.25,254.13999938964844,252.0,252.77000427246094,23625200
2021-04-09 00:00:00+00:00,248.37501525878906,255.85000610351562,255.99000549316406,252.44000244140625,252.8699951171875,24326800
2021-04-12 00:00:00+00:00,248.43325805664062,255.91000366210938,257.6700134277344,254.6199951171875,254.7100067138672,27148700
2021-04-13 00:00:00+00:00,250.9378662109375,258.489990234375,259.19000244140625,256.8299865722656,257.260009765625,23837500
2021-04-14 00:00:00+00:00,248.12258911132812,255.58999633789062,258.8299865722656,255.16000366210938,257.4800109863281,23070900
2021-04-15 00:00:00+00:00,251.91831970214844,259.5,259.92999267578125,257.7300109863281,257.92999267578125,25627500
2021-04-16 00:00:00+00:00,253.1221160888672,260.739990234375,261.0,257.6000061035156,259.4700012207031,24878600
2021-04-19 00:00:00+00:00,251.18055725097656,258.739990234375,261.4800109863281,257.82000732421875,260.19000244140625,23209300
2021-04-20 00:00:00+00:00,250.71456909179688,258.260009765625,260.20001220703125,256.8399963378906,257.82000732421875,19722900
2021-04-21 00:00:00+00:00,252.96681213378906,260.5799865722656,260.67999267578125,257.25,258.94000244140625,24030400
2021-04-22 00:00:00+00:00,249.6564178466797,257.1700134277344,261.7799987792969,255.63999938964844,260.2099914550781,25606200
2021-04-23 00:00:00+00:00,253.52017211914062,261.1499938964844,261.510009765625,257.2699890136719,257.8800048828125,21462600
2021-04-26 00:00:00+00:00,253.90843200683594,261.54998779296875,262.44000244140625,260.1700134277344,261.6600036621094,19763300
2021-04-27 00:00:00+00:00,254.31622314453125,261.9700012207031,263.19000244140625,260.1199951171875,261.5799865722656,31014200
2021-04-28 00:00:00+00:00,247.12269592285156,254.55999755859375,256.5400085449219,252.9499969482422,256.0799865722656,46903100
2021-04-29 00:00:00+00:00,245.132568359375,252.50999450683594,256.1000061035156,249.0,255.4600067138672,40589000
2021-04-30 00:00:00+00:00,244.81222534179688,252.17999267578125,253.0800018310547,249.60000610351562,249.74000549316406,30945100
2021-05-03 00:00:00+00:00,244.50157165527344,251.86000061035156,254.35000610351562,251.1199951171875,253.39999389648438,19626600
2021-05-04 00:00:00+00:00,240.55047607421875,247.7899932861328,251.2100067138672,245.75999450683594,250.97000122070312,32756100
2021-05-05 00:00:00+00:00,239.26904296875,246.47000122070312,249.5,245.82000732421875,249.05999755859375,21901300
2021-05-06 00:00:00+00:00,242.43377685546875,249.72999572753906,249.86000061035156,244.69000244140625,246.4499969482422,26491100
2021-05-07 00:00:00+00:00,245.08407592773438,252.4600067138672,254.3000030517578,251.1699981689453,252.14999389648438,27032900
2021-05-10 00:00:00+00:00,239.9583282470703,247.17999267578125,251.72999572753906,247.1199951171875,250.8699951171875,29299900
2021-05-11 00:00:00+00:00,239.03607177734375,246.22999572753906,246.60000610351562,242.57000732421875,244.5500030517578,33641600
2021-05-12 00:00:00+00:00,232.0172882080078,239.0,244.3800048828125,238.07000732421875,242.1699981689453,36684400
2021-05-13 00:00:00+00:00,235.9295654296875,243.02999877929688,245.60000610351562,241.4199981689453,241.8000030517578,29624300
2021-05-14 00:00:00+00:00,240.89996337890625,248.14999389648438,249.17999267578125,245.49000549316406,245.5800018310547,23901100
2021-05-17 00:00:00+00:00,238.01673889160156,245.17999267578125,246.58999633789062,243.52000427246094,246.5500030517578,24970200
2021-05-18 00:00:00+00:00,235.97808837890625,243.0800018310547,246.41000366210938,242.89999389648438,246.27000427246094,20168000
2021-05-19 00:00:00+00:00,236.56190490722656,243.1199951171875,243.22999572753906,238.60000610351562,239.30999755859375,25739800
2021-05-20 00:00:00+00:00,239.83126831054688,246.47999572753906,247.9499969482422,243.86000061035156,243.9600067138672,21800700
2021-05-21 00:00:00+00:00,238.55662536621094,245.1699981689453,248.3300018310547,244.74000549316406,247.57000732421875,21863100
2021-05-24 00:00:00+00:00,244.01527404785156,250.77999877929688,251.16000366210938,247.50999450683594,247.7899932861328,21411500
2021-05-25 00:00:00+00:00,244.929931640625,251.72000122070312,252.75,250.82000732421875,251.77000427246094,17704300
2021-05-26 00:00:00+00:00,244.7061309814453,251.49000549316406,252.94000244140625,250.75,251.42999267578125,17771600
2021-05-27 00:00:00+00:00,242.5849151611328,249.30999755859375,251.47999572753906,249.25,251.1699981689453,24426200
2021-05-28 00:00:00+00:00,242.9449462890625,249.67999267578125,252.0800018310547,249.55999755859375,251.0,18270200
2021-06-01 00:00:00+00:00,240.72645568847656,247.39999389648438,251.2899932861328,246.9600067138672,251.22999572753906,23213300
2021-06-02 00:00:00+00:00,240.629150390625,247.3000030517578,249.27000427246094,245.83999633789062,248.1300048828125,19406700
2021-06-03 00:00:00+00:00,239.08204650878906,245.7100067138672,246.33999633789062,243.0,245.22000122070312,25307700
2021-06-04 00:00:00+00:00,244.0250244140625,250.7899932861328,251.64999389648438,247.50999450683594,247.75999450683594,25281100
2021-06-07 00:00:00+00:00,246.9635467529297,253.80999755859375,254.08999633789062,249.80999755859375,249.97999572753906,23079200
2021-06-08 00:00:00+00:00,245.75698852539062,252.57000732421875,256.010009765625,252.50999450683594,255.16000366210938,22455000
2021-06-09 00:00:00+00:00,246.74949645996094,253.58999633789062,255.52999877929688,253.2100067138672,253.80999755859375,17937600
2021-06-10 00:00:00+00:00,250.30104064941406,257.239990234375,257.4599914550781,253.6699981689453,254.2899932861328,24563600
2021-06-11 00:00:00+00:00,250.93350219726562,257.8900146484375,258.489990234375,256.6099853515625,257.989990234375,18999700
2021-06-14 00:00:00+00:00,252.8795623779297,259.8900146484375,259.95001220703125,256.79998779296875,257.8999938964844,19150500
2021-06-15 00:00:00+00:00,251.39080810546875,258.3599853515625,259.989990234375,257.67999267578125,259.7699890136719,18038900
2021-06-16 00:00:00+00:00,250.4373016357422,257.3800048828125,260.5799865722656,254.4199981689453,259.3999938964844,27220000
2021-06-17 00:00:00+00:00,253.86233520507812,260.8999938964844,261.75,256.010009765625,256.07000732421875,27565500
2021-06-18 00:00:00+00:00,252.43199157714844,259.42999267578125,262.29998779296875,258.75,259.6300048828125,37202200
2021-06-21 00:00:00+00:00,255.54568481445312,262.6300048828125,263.5199890136719,257.9200134277344,259.82000732421875,26696100
2021-06-22 00:00:00+00:00,258.3480224609375,265.510009765625,265.7900085449219,262.3999938964844,262.7200012207031,24694100
2021-06-23 00:00:00+00:00,258.11444091796875,265.2699890136719,266.8299865722656,264.42999267578125,265.989990234375,19518700
2021-06-24 00:00:00+00:00,259.49615478515625,266.69000244140625,267.8500061035156,265.4700012207031,266.1600036621094,21446900
2021-06-25 00:00:00+00:00,257.87115478515625,265.0199890136719,267.25,264.760009765625,266.2300109863281,25611100
2021-06-28 00:00:00+00:00,261.4714050292969,268.7200012207031,268.8999938964844,265.9100036621094,266.19000244140625,19590000
2021-06-29 00:00:00+00:00,264.0790710449219,271.3999938964844,271.6499938964844,267.9800109863281,268.8699951171875,19937800
2021-06-30 00:00:00+00:00,263.592529296875,270.8999938964844,271.3599853515625,269.6000061035156,270.69000244140625,21656500
2021-07-01 00:00:00+00:00,264.2736511230469,271.6000061035156,271.8399963378906,269.6000061035156,269.6099853515625,16725300
2021-07-02 00:00:00+00:00,270.1604919433594,277.6499938964844,278.0,272.5,272.82000732421875,26458000
2021-07-06 00:00:00+00:00,270.1701965332031,277.6600036621094,279.3699951171875,274.29998779296875,278.0299987792969,31565600
2021-07-07 00:00:00+00:00,272.3789978027344,279.92999267578125,280.69000244140625,277.1499938964844,279.3999938964844,23260000
2021-07-08 00:00:00+00:00,269.9366455078125,277.4200134277344,278.7300109863281,274.8699951171875,276.8999938964844,24618600
2021-07-09 00:00:00+00:00,270.44268798828125,277.94000244140625,278.04998779296875,275.32000732421875,275.7200012207031,23916700
2021-07-12 00:00:00+00:00,269.83941650390625,277.32000732421875,279.7699890136719,276.5799865722656,279.1600036621094,18931700
2021-07-13 00:00:00+00:00,273.40069580078125,280.9800109863281,282.8500061035156,277.3900146484375,277.5199890136719,26120100
2021-07-14 00:00:00+00:00,274.889404296875,282.510009765625,283.6600036621094,280.54998779296875,282.3500061035156,23113700
2021-07-15 00:00:00+00:00,273.44927978515625,281.0299987792969,282.510009765625,279.8299865722656,282.0,22604200
2021-07-16 00:00:00+00:00,273.1768493652344,280.75,284.1000061035156,279.4599914550781,282.07000732421875,26186800
2021-07-19 00:00:00+00:00,269.5377197265625,277.010009765625,280.3699951171875,274.45001220703125,278.92999267578125,32935600
2021-07-20 00:00:00+00:00,271.78546142578125,279.32000732421875,280.9700012207031,276.260009765625,278.0299987792969,26259700
2021-07-21 00:00:00+00:00,273.8092956542969,281.3999938964844,281.5199890136719,277.2900085449219,278.8999938964844,24364300
2021-07-22 00:00:00+00:00,278.4214172363281,286.1400146484375,286.4200134277344,283.4200134277344,283.8399963378906,23384100
2021-07-23 00:00:00+00:00,281.85626220703125,289.6700134277344,289.989990234375,286.5,287.3699951171875,22768100
2021-07-26 00:00:00+00:00,281.2529602050781,289.04998779296875,289.69000244140625,286.6400146484375,289.0,23176100
2021-07-27 00:00:00+00:00,278.8106994628906,286.5400085449219,289.5799865722656,282.95001220703125,289.42999267578125,33604100
2021-07-28 00:00:00+00:00,278.499267578125,286.2200012207031,290.1499938964844,283.8299865722656,288.989990234375,33566900
2021-07-29 00:00:00+00:00,278.771728515625,286.5,288.6199951171875,286.0799865722656,286.239990234375,18168300
2021-07-30 00:00:00+00:00,277.224609375,284.9100036621094,286.6600036621094,283.9100036621094,285.1700134277344,20944800
2021-08-02 00:00:00+00:00,277.13714599609375,284.82000732421875,286.7699890136719,283.739990234375,286.3599853515625,16267400
2021-08-03 00:00:00+00:00,279.375,287.1199951171875,287.2300109863281,284.0,285.4200134277344,17879000
2021-08-04 00:00:00+00:00,278.7814636230469,286.510009765625,287.5899963378906,284.6499938964844,286.2200012207031,16191300
2021-08-05 00:00:00+00:00,281.7103271484375,289.5199890136719,289.6300048828125,286.1000061035156,286.8800048828125,13900200
2021-08-06 00:00:00+00:00,281.6519470214844,289.4599914550781,289.5,287.6199951171875,288.510009765625,16589300
2021-08-09 00:00:00+00:00,280.5523986816406,288.3299865722656,291.54998779296875,287.80999755859375,289.75,16117600
2021-08-10 00:00:00+00:00,278.7133483886719,286.44000244140625,289.25,285.20001220703125,288.79998779296875,18616600
2021-08-11 00:00:00+00:00,279.2095947265625,286.95001220703125,288.6600036621094,285.8599853515625,287.2099914550781,13955900
2021-08-12 00:00:00+00:00,281.9924011230469,289.80999755859375,289.9700012207031,286.3399963378906,286.6300048828125,14561300
2021-08-13 00:00:00+00:00,284.9504699707031,292.8500061035156,292.8999938964844,289.29998779296875,289.4800109863281,18249000
2021-08-16 00:00:00+00:00,286.65325927734375,294.6000061035156,294.82000732421875,290.0199890136719,293.19000244140625,22507600
2021-08-17 00:00:00+00:00,285.1742248535156,293.0799865722656,293.42999267578125,291.0799865722656,292.3900146484375,20075300
2021-08-18 00:00:00+00:00,283.42919921875,290.7300109863281,294.82000732421875,290.2699890136719,292.0400085449219,21813000
2021-08-19 00:00:00+00:00,289.3175048828125,296.7699890136719,297.4700012207031,288.6400146484375,288.69000244140625,29850500
2021-08-20 00:00:00+00:00,296.7169189453125,304.3599853515625,305.8399963378906,298.05999755859375,299.7200012207031,40817600
2021-08-23 00:00:00+00:00,296.9996337890625,304.6499938964844,305.3999938964844,301.8500061035156,303.25,22830200
2021-08-24 00:00:00+00:00,295.0205993652344,302.6199951171875,305.6499938964844,302.0,305.0199890136719,18175800
2021-08-25 00:00:00+00:00,294.4259948730469,302.010009765625,304.5899963378906,300.4200134277344,304.29998779296875,20006100
2021-08-26 00:00:00+00:00,291.57928466796875,299.0899963378906,302.42999267578125,298.95001220703125,300.989990234375,17666100
2021-08-27 00:00:00+00:00,292.1934814453125,299.7200012207031,300.8699951171875,296.8299865722656,298.989990234375,22605700
2021-08-30 00:00:00+00:00,295.9662780761719,303.5899963378906,304.2200012207031,301.05999755859375,301.1199951171875,16348100
2021-08-31 00:00:00+00:00,294.2991638183594,301.8800048828125,304.5,301.5,304.4200134277344,26285300
2021-09-01 00:00:00+00:00,294.25042724609375,301.8299865722656,305.19000244140625,301.489990234375,302.8699951171875,18983800
2021-09-02 00:00:00+00:00,293.58758544921875,301.1499938964844,303.3599853515625,300.17999267578125,302.20001220703125,16285600
2021-09-03 00:00:00+00:00,293.5777893066406,301.1400146484375,302.6000061035156,300.260009765625,300.989990234375,14747900
2021-09-07 00:00:00+00:00,292.64190673828125,300.17999267578125,301.0899963378906,298.20001220703125,301.010009765625,17180400
2021-09-08 00:00:00+00:00,292.671142578125,300.2099914550781,300.6099853515625,297.4700012207031,299.7799987792969,15046800
2021-09-09 00:00:00+00:00,289.7854919433594,297.25,302.1400146484375,297.0,300.82000732421875,19927000
2021-09-10 00:00:00+00:00,288.2841491699219,295.7099914550781,299.9200134277344,295.3800048828125,298.4200134277344,19633400
2021-09-13 00:00:00+00:00,289.5320129394531,296.989990234375,298.5400085449219,294.0799865722656,297.54998779296875,23652900
2021-09-14 00:00:00+00:00,292.26171875,299.7900085449219,301.3900146484375,298.1000061035156,299.55999755859375,21853400
2021-09-15 00:00:00+00:00,297.16534423828125,304.82000732421875,305.32000732421875,301.82000732421875,303.260009765625,28356300
2021-09-16 00:00:00+00:00,297.5553283691406,305.2200012207031,305.30999755859375,300.760009765625,303.760009765625,19550800
2021-09-17 00:00:00+00:00,292.3396911621094,299.8699951171875,304.5,299.5299987792969,304.1700134277344,41372500
2021-09-20 00:00:00+00:00,286.9095458984375,294.29998779296875,298.7200012207031,289.5199890136719,296.3299865722656,38278700
2021-09-21 00:00:00+00:00,287.3969421386719,294.79998779296875,297.5400085449219,294.07000732421875,295.69000244140625,22364100
2021-09-22 00:00:00+00:00,291.0821228027344,298.5799865722656,300.2200012207031,294.510009765625,296.7300109863281,26626300
2021-09-23 00:00:00+00:00,292.0375061035156,299.55999755859375,300.8999938964844,297.5299987792969,298.8500061035156,18604600
2021-09-24 00:00:00+00:00,291.8327941894531,299.3500061035156,299.79998779296875,296.92999267578125,298.2300109863281,14999000
2021-09-27 00:00:00+00:00,286.7828369140625,294.1700134277344,296.4700012207031,292.94000244140625,296.1400146484375,23571700
2021-09-28 00:00:00+00:00,276.40020751953125,283.5199890136719,290.7799987792969,282.75,289.79998779296875,43186200
2021-09-29 00:00:00+00:00,276.8681945800781,284.0,286.7699890136719,283.010009765625,285.1000061035156,26353700
2021-09-30 00:00:00+00:00,274.84039306640625,281.9200134277344,287.8299865722656,281.6199951171875,285.7099914550781,32343600
2021-10-01 00:00:00+00:00,281.84014892578125,289.1000061035156,289.9800109863281,281.2900085449219,282.1199951171875,30086300
2021-10-04 00:00:00+00:00,276.0005798339844,283.1099853515625,287.75,280.25,287.3999938964844,31350700
2021-10-05 00:00:00+00:00,281.5086975097656,288.760009765625,290.3999938964844,284.04998779296875,284.04998779296875,24993000
2021-10-06 00:00:00+00:00,285.7494812011719,293.1099853515625,293.6300048828125,285.510009765625,285.7799987792969,28002600
2021-10-07 00:00:00+00:00,287.4457702636719,294.8500061035156,296.6400146484375,293.9200134277344,295.17999267578125,20430500
2021-10-08 00:00:00+00:00,287.4457702636719,294.8500061035156,296.6400146484375,293.760009765625,296.2200012207031,17685700
2021-10-11 00:00:00+00:00,286.8414001464844,294.2300109863281,297.9700012207031,292.75,292.9200134277344,19298600
2021-10-12 00:00:00+00:00,285.52520751953125,292.8800048828125,295.44000244140625,292.3500061035156,295.3399963378906,17974100
2021-10-13 00:00:00+00:00,288.86907958984375,296.30999755859375,297.2799987792969,293.489990234375,294.9100036621094,23416300
2021-10-14 00:00:00+00:00,295.1473388671875,302.75,303.2699890136719,297.8299865722656,299.2099914550781,27262900
2021-10-15 00:00:00+00:00,296.57073974609375,304.2099914550781,304.45001220703125,300.5199890136719,302.3399963378906,25384800
2021-10-18 00:00:00+00:00,299.57330322265625,307.2900085449219,308.2099914550781,302.69000244140625,303.57000732421875,22729300
2021-10-19 00:00:00+00:00,300.4897766113281,308.2300109863281,309.29998779296875,307.2200012207031,308.3500061035156,17682100
2021-10-20 00:00:00+00:00,299.6903076171875,307.4100036621094,309.70001220703125,306.1099853515625,309.2099914550781,16537100
2021-10-21 00:00:00+00:00,302.9562683105469,310.760009765625,311.0199890136719,306.3599853515625,307.1700134277344,16918100
2021-10-22 00:00:00+00:00,301.3963928222656,309.1600036621094,311.0899963378906,307.79998779296875,310.3999938964844,17449300
2021-10-25 00:00:00+00:00,300.3923034667969,308.1300048828125,309.3999938964844,306.4599914550781,309.3599853515625,17554500
2021-10-26 00:00:00+00:00,302.3225402832031,310.1099853515625,312.3999938964844,308.6000061035156,311.0,28107300
2021-10-27 00:00:00+00:00,315.0545654296875,323.1700134277344,326.1000061035156,316.0,316.0,52588700
2021-10-28 00:00:00+00:00,316.2049865722656,324.3500061035156,324.8699951171875,321.3599853515625,324.3299865722656,26297900
2021-10-29 00:00:00+00:00,323.2923889160156,331.6199951171875,332.0,323.8999938964844,324.1300048828125,34766000
2021-11-01 00:00:00+00:00,321.0988464355469,329.3699951171875,331.489990234375,326.3699951171875,331.3599853515625,27073200
2021-11-02 00:00:00+00:00,324.76446533203125,333.1300048828125,333.45001220703125,330.0,330.30999755859375,26487100
2021-11-03 00:00:00+00:00,325.61260986328125,334.0,334.8999938964844,330.6499938964844,333.8999938964844,21500100
2021-11-04 00:00:00+00:00,327.9913330078125,336.44000244140625,336.5400085449219,329.510009765625,332.8900146484375,23992200
2021-11-05 00:00:00+00:00,327.62091064453125,336.05999755859375,338.7900085449219,334.4200134277344,338.510009765625,22570100
2021-11-08 00:00:00+00:00,328.5274963378906,336.989990234375,337.6499938964844,334.44000244140625,337.29998779296875,20897000
2021-11-09 00:00:00+00:00,327.5136413574219,335.95001220703125,338.7200012207031,334.5299987792969,337.1099853515625,21307400
2021-11-10 00:00:00+00:00,322.49298095703125,330.79998779296875,334.6300048828125,329.9200134277344,334.57000732421875,25500900
2021-11-11 00:00:00+00:00,324.0820007324219,332.42999267578125,333.7699890136719,330.510009765625,331.25,16849800
2021-11-12 00:00:00+00:00,328.26434326171875,336.7200012207031,337.2300109863281,333.7900085449219,333.9200134277344,23831000
2021-11-15 00:00:00+00:00,327.6306457519531,336.07000732421875,337.8800048828125,334.0299987792969,337.5400085449219,16723000
2021-11-16 00:00:00+00:00,330.9842224121094,339.510009765625,340.6700134277344,335.510009765625,335.67999267578125,20886800
2021-11-17 00:00:00+00:00,331.2088623046875,339.1199951171875,342.19000244140625,338.0,338.94000244140625,19053400
2021-11-18 00:00:00+00:00,333.3087158203125,341.2699890136719,342.45001220703125,337.1199951171875,338.17999267578125,22463500
2021-11-19 00:00:00+00:00,335.1058044433594,343.1099853515625,345.1000061035156,342.20001220703125,342.6400146484375,21963400
2021-11-22 00:00:00+00:00,331.90228271484375,339.8299865722656,349.6700134277344,339.54998779296875,344.6199951171875,31031100
2021-11-23 00:00:00+00:00,329.80242919921875,337.67999267578125,339.45001220703125,333.55999755859375,337.04998779296875,30427600
2021-11-24 00:00:00+00:00,330.0271301269531,337.9100036621094,338.1600036621094,333.9100036621094,336.2799987792969,21661300
2021-11-26 00:00:00+00:00,321.9891052246094,329.67999267578125,337.92999267578125,328.1199951171875,334.3500061035156,24217200
2021-11-29 00:00:00+00:00,328.7769470214844,336.6300048828125,339.0299987792969,334.739990234375,334.94000244140625,28563500
2021-11-30 00:00:00+00:00,322.8779296875,330.5899963378906,337.7799987792969,328.989990234375,335.32000732421875,42885600
2021-12-01 00:00:00+00:00,322.37969970703125,330.0799865722656,339.2799987792969,329.3900146484375,335.1300048828125,33337600
2021-12-02 00:00:00+00:00,321.80352783203125,329.489990234375,333.489990234375,327.79998779296875,330.29998779296875,30766000
2021-12-03 00:00:00+00:00,315.4747314453125,323.010009765625,332.70001220703125,318.0299987792969,331.989990234375,41779300
2021-12-06 00:00:00+00:00,318.58056640625,326.19000244140625,327.45001220703125,319.2300109863281,323.95001220703125,30032600
2021-12-07 00:00:00+00:00,327.1069030761719,334.9200134277344,335.79998779296875,330.1000061035156,331.6400146484375,31021900
2021-12-08 00:00:00+00:00,327.15570068359375,334.9700012207031,335.5,330.79998779296875,335.30999755859375,24761000
2021-12-09 00:00:00+00:00,325.329345703125,333.1000061035156,336.489990234375,332.1199951171875,334.4100036621094,22214200
2021-12-10 00:00:00+00:00,334.54913330078125,342.5400085449219,343.0,334.7900085449219,334.9800109863281,38095700
2021-12-13 00:00:00+00:00,331.4823913574219,339.3999938964844,343.7900085449219,339.0799865722656,340.67999267578125,28899400
2021-12-14 00:00:00+00:00,320.68035888671875,328.3399963378906,334.6400146484375,324.1099853515625,333.2200012207031,44438700
2021-12-15 00:00:00+00:00,326.84320068359375,334.6499938964844,335.19000244140625,324.5,328.6099853515625,35381100
2021-12-16 00:00:00+00:00,317.32061767578125,324.8999938964844,336.760009765625,323.0199890136719,335.7099914550781,35034800
2021-12-17 00:00:00+00:00,316.24627685546875,323.79998779296875,324.9200134277344,317.25,320.8800048828125,47750300
2021-12-20 00:00:00+00:00,312.44696044921875,319.9100036621094,322.79998779296875,317.57000732421875,320.04998779296875,28326500
2021-12-21 00:00:00+00:00,319.65484619140625,327.2900085449219,327.7300109863281,319.79998779296875,323.2900085449219,24740600
2021-12-22 00:00:00+00:00,325.427001953125,333.20001220703125,333.6099853515625,325.75,328.29998779296875,24831500
2021-12-23 00:00:00+00:00,326.8822326660156,334.69000244140625,336.3900146484375,332.7300109863281,332.75,19617800
2021-12-27 00:00:00+00:00,334.461181640625,342.45001220703125,342.4800109863281,335.42999267578125,335.4599914550781,19947000
2021-12-28 00:00:00+00:00,333.2891540527344,341.25,343.80999755859375,340.32000732421875,343.1499938964844,15661500
2021-12-29 00:00:00+00:00,333.9728698730469,341.95001220703125,344.29998779296875,339.67999267578125,341.29998779296875,15042000
2021-12-30 00:00:00+00:00,331.40423583984375,339.32000732421875,343.1300048828125,338.82000732421875,341.9100036621094,15994500
2021-12-31 00:00:00+00:00,328.47418212890625,336.32000732421875,339.3599853515625,335.8500061035156,338.510009765625,18000800
2022-01-03 00:00:00+00:00,326.94085693359375,334.75,338.0,329.7799987792969,335.3500061035156,28865100
2022-01-04 00:00:00+00:00,321.33477783203125,329.010009765625,335.20001220703125,326.1199951171875,334.8299865722656,32674300
2022-01-05 00:00:00+00:00,308.9994201660156,316.3800048828125,326.07000732421875,315.9800109863281,325.8599853515625,40054300
2022-01-06 00:00:00+00:00,306.55767822265625,313.8800048828125,318.70001220703125,311.489990234375,313.1499938964844,39646100
2022-01-07 00:00:00+00:00,306.7139587402344,314.0400085449219,316.5,310.0899963378906,314.1499938964844,32720000
2022-01-10 00:00:00+00:00,306.9386291503906,314.2699890136719,314.7200012207031,304.69000244140625,309.489990234375,44289500
2022-01-11 00:00:00+00:00,307.63201904296875,314.9800109863281,316.6099853515625,309.8900146484375,313.3800048828125,29386800
2022-01-12 00:00:00+00:00,310.84527587890625,318.2699890136719,323.4100036621094,317.0799865722656,319.6700134277344,34372200
2022-01-13 00:00:00+00:00,297.68951416015625,304.79998779296875,320.8800048828125,304.0,320.4700012207031,45366000
2022-01-14 00:00:00+00:00,302.96356201171875,310.20001220703125,310.82000732421875,303.75,304.25,39846400
2022-01-18 00:00:00+00:00,295.58966064453125,302.6499938964844,309.79998779296875,301.739990234375,304.07000732421875,42333200
2022-01-19 00:00:00+00:00,296.2537841796875,303.3299865722656,313.9100036621094,302.70001220703125,306.2900085449219,45933900
2022-01-20 00:00:00+00:00,294.564208984375,301.6000061035156,311.6499938964844,301.1400146484375,309.07000732421875,35380700
2022-01-21 00:00:00+00:00,289.12408447265625,296.0299987792969,304.1099853515625,295.6099853515625,302.69000244140625,57984400
2022-01-24 00:00:00+00:00,289.45611572265625,296.3699951171875,297.1099853515625,276.04998779296875,292.20001220703125,85731500
2022-01-25 00:00:00+00:00,281.7599792480469,288.489990234375,294.989990234375,285.1700134277344,291.5199890136719,72848600
2022-01-26 00:00:00+00:00,289.7882385253906,296.7099914550781,308.5,293.0299987792969,307.989990234375,90428900
2022-01-27 00:00:00+00:00,292.84515380859375,299.8399963378906,307.29998779296875,297.92999267578125,302.6600036621094,53481300
2022-01-28 00:00:00+00:00,301.0688171386719,308.260009765625,308.4800109863281,294.45001220703125,300.2300109863281,49743700
2022-01-31 00:00:00+00:00,303.7253112792969,310.9800109863281,312.3800048828125,306.3699951171875,308.95001220703125,46444500
2022-02-01 00:00:00+00:00,301.55712890625,308.760009765625,310.6300048828125,305.1300048828125,310.4100036621094,40950400
2022-02-02 00:00:00+00:00,306.1474914550781,313.4599914550781,315.1199951171875,308.8800048828125,309.6300048828125,36636000
2022-02-03 00:00:00+00:00,294.2222595214844,301.25,311.2300109863281,299.9599914550781,309.489990234375,43730000
2022-02-04 00:00:00+00:00,298.8028869628906,305.94000244140625,308.79998779296875,299.9700012207031,300.2099914550781,35096500
2022-02-07 00:00:00+00:00,293.92938232421875,300.95001220703125,307.8399963378906,299.8999938964844,306.1700134277344,28533300
2022-02-08 00:00:00+00:00,297.455078125,304.55999755859375,305.55999755859375,299.95001220703125,301.25,32421200
2022-02-09 00:00:00+00:00,303.95001220703125,311.2099914550781,311.92999267578125,307.3900146484375,309.8699951171875,31284700
2022-02-10 00:00:00+00:00,295.325927734375,302.3800048828125,309.1199951171875,300.70001220703125,304.0400085449219,45386200
2022-02-11 00:00:00+00:00,288.1571960449219,295.0400085449219,304.2900085449219,294.2200012207031,303.19000244140625,39175600
2022-02-14 00:00:00+00:00,288.1181640625,295.0,296.760009765625,291.3500061035156,293.7699890136719,36359500
2022-02-15 00:00:00+00:00,293.4605712890625,300.4700012207031,300.79998779296875,297.0199890136719,300.010009765625,27058300
2022-02-16 00:00:00+00:00,293.1179504394531,299.5,300.8699951171875,293.67999267578125,298.3699951171875,29982100
2022-02-17 00:00:00+00:00,284.53485107421875,290.7300109863281,296.79998779296875,290.0,296.3599853515625,32461600
2022-02-18 00:00:00+00:00,281.7945556640625,287.92999267578125,293.8599853515625,286.30999755859375,293.04998779296875,34264000
2022-02-22 00:00:00+00:00,281.5889892578125,287.7200012207031,291.5400085449219,284.5,285.0,41736100
2022-02-23 00:00:00+00:00,274.2977600097656,280.2699890136719,291.70001220703125,280.1000061035156,290.17999267578125,37811200
2022-02-24 00:00:00+00:00,288.3126220703125,294.5899963378906,295.1600036621094,271.5199890136719,272.510009765625,56989700
2022-02-25 00:00:00+00:00,290.9745788574219,297.30999755859375,297.6300048828125,291.6499938964844,295.1400146484375,32546700
2022-02-28 00:00:00+00:00,292.4231262207031,298.7900085449219,299.1400146484375,293.0,294.30999755859375,34627500
2022-03-01 00:00:00+00:00,288.6649475097656,294.95001220703125,299.9700012207031,292.1499938964844,296.3999938964844,31217800
2022-03-02 00:00:00+00:00,293.7932434082031,300.19000244140625,301.4700012207031,293.70001220703125,295.3599853515625,31873000
2022-03-03 00:00:00+00:00,289.6142272949219,295.9200134277344,303.1300048828125,294.04998779296875,302.8900146484375,27314500
2022-03-04 00:00:00+00:00,283.68341064453125,289.8599853515625,295.6600036621094,287.1700134277344,294.2900085449219,32356500
2022-03-07 00:00:00+00:00,272.96673583984375,278.9100036621094,289.69000244140625,278.5299987792969,288.5299987792969,43157200
2022-03-08 00:00:00+00:00,269.971923828125,275.8500061035156,283.9599914550781,270.0,277.79998779296875,48159500
2022-03-09 00:00:00+00:00,282.3523864746094,288.5,289.6000061035156,280.7799987792969,283.44000244140625,35204500
2022-03-10 00:00:00+00:00,279.5044250488281,285.5899963378906,286.6000061035156,280.5799865722656,283.0199890136719,30628000
2022-03-11 00:00:00+00:00,274.10205078125,280.07000732421875,289.510009765625,279.42999267578125,287.9599914550781,27209300
2022-03-14 00:00:00+00:00,270.54937744140625,276.44000244140625,285.3999938964844,275.82000732421875,280.3399963378906,30660700
2022-03-15 00:00:00+00:00,281.03118896484375,287.1499938964844,287.82000732421875,278.7300109863281,280.3500061035156,34245100
2022-03-16 00:00:00+00:00,288.1168518066406,294.3900146484375,294.57000732421875,283.20001220703125,289.1099853515625,37826300
2022-03-17 00:00:00+00:00,288.92919921875,295.2200012207031,295.6099853515625,289.3699951171875,293.2900085449219,30816600
2022-03-18 00:00:00+00:00,294.02813720703125,300.42999267578125,301.0,292.7300109863281,295.3699951171875,43390600
2022-03-21 00:00:00+00:00,292.78521728515625,299.1600036621094,300.1400146484375,294.8999938964844,298.8900146484375,28351200
2022-03-22 00:00:00+00:00,297.5808410644531,304.05999755859375,305.0,298.7699890136719,299.79998779296875,27599700
2022-03-23 00:00:00+00:00,293.1081848144531,299.489990234375,303.2300109863281,297.7200012207031,300.510009765625,25715400
2022-03-24 00:00:00+00:00,297.6199645996094,304.1000061035156,304.20001220703125,298.32000732421875,299.1400146484375,24484500
2022-03-25 00:00:00+00:00,297.2089538574219,303.67999267578125,305.5,299.2900085449219,305.2300109863281,22566500
2022-03-28 00:00:00+00:00,304.0793762207031,310.70001220703125,310.79998779296875,304.3299865722656,304.3299865722656,29578200
2022-03-29 00:00:00+00:00,308.68896484375,315.4100036621094,315.82000732421875,309.04998779296875,313.9100036621094,30393400
2022-03-30 00:00:00+00:00,307.17193603515625,313.8599853515625,315.95001220703125,311.5799865722656,313.760009765625,28163600
